Pair_ID,Exporter,Importer,Year,Month,MIS,MIS_MA3,Trade_Score_Econ,Trade_Score_ML,Trade_Score_Final,Corridor_Rank,Gate_Pass,Gate_Route,Gate_Friction,Top_Corridor,Recommendation,Active_Arbitrage,Route_Feasibility,Market_Friction_Index,Supply_Confidence,Arbitrage_Profit_USD_kg,Expected_Margin_USD_kg,Food_Security_Risk_Flag
KEN‚ÜíTAN,Kenya,Tanzania,2016,1,-2.170302,,0.5848297611876164,0.2989565546953289,0.4704804785907014,3,1,1,1,0,1,0,0.918864,0.2383,0.525771,0.0,0.0,0
KEN‚ÜíTAN,Kenya,Tanzania,2016,2,-1.374497,-1.7724,0.6118107241345901,0.296464822442522,0.4856723634577629,3,1,1,1,0,1,0,0.918864,0.2383,0.51587,0.0,0.0,0
KEN‚ÜíTAN,Kenya,Tanzania,2016,3,-1.608557,-1.717785,0.6160204776499523,0.2616472514369765,0.47427118716476196,3,1,1,1,0,1,0,0.918864,0.2383,0.515997,0.0,0.0,0
KEN‚ÜíTAN,Kenya,Tanzania,2016,4,0.217115,-0.92198,0.6790673893129787,0.2869228758592826,0.5222095839315002,3,1,1,1,0,1,1,0.918864,0.2383,0.522853,0.02319,0.012125,0
KEN‚ÜíTAN,Kenya,Tanzania,2016,5,-0.719127,-0.703523,0.70097924685379,0.3055390167621696,0.5428031548171418,2,1,1,1,0,1,0,0.918864,0.2383,0.538247,0.0,0.0,0
KEN‚ÜíTAN,Kenya,Tanzania,2016,6,-1.280873,-0.594295,0.7303571446414593,0.29595003496616473,0.5565943007713414,4,1,1,1,0,0,0,0.918864,0.2383,0.6,0.0,0.0,0
KEN‚ÜíTAN,Kenya,Tanzania,2016,7,-1.327685,-1.109228,0.6910739034315689,0.29446657723423114,0.5324309729526338,4,1,1,1,0,0,0,0.918864,0.2383,0.6,0.0,0.0,0
KEN‚ÜíTAN,Kenya,Tanzania,2016,8,-2.404363,-1.670973,0.6482194654106033,0.2682377131885772,0.4962267645217928,4,1,1,1,0,0,0,0.918864,0.2383,0.6,0.0,0.0,0
KEN‚ÜíTAN,Kenya,Tanzania,2016,9,-1.655369,-1.795806,0.6386961976263398,0.27246180390698105,0.49220244013859626,4,1,1,1,0,0,0,0.918864,0.2383,0.6,0.0,0.0,0
KEN‚ÜíTAN,Kenya,Tanzania,2016,10,-1.655369,-1.905034,0.607487549829967,0.2684802387334848,0.4718846253913741,4,1,1,1,0,0,0,0.918864,0.2383,0.532875,0.0,0.0,0
KEN‚ÜíTAN,Kenya,Tanzania,2016,11,-2.310739,-1.873826,0.6327442029412144,0.23659346792628735,0.4742839089352436,4,1,1,1,0,0,0,0.918864,0.2383,0.6,0.0,0.0,0
KEN‚ÜíTAN,Kenya,Tanzania,2016,12,-1.561745,-1.842618,0.6351250008152645,0.24061840370532242,0.47732236197128763,4,1,1,1,0,0,0,0.918864,0.2383,0.6,0.0,0.0,0
KEN‚ÜíTAN,Kenya,Tanzania,2017,1,-1.327685,-1.73339,0.6355104571490181,0.22042360873602157,0.46947571778381947,4,1,1,1,0,0,0,0.918864,0.2383,0.57668,0.0,0.0,0
KEN‚ÜíTAN,Kenya,Tanzania,2017,2,-0.531879,-1.140436,0.678994083731811,0.2527176548131157,0.5084835121643329,4,1,1,1,0,0,0,0.918864,0.2383,0.57154,0.0,0.0,0
KEN‚ÜíTAN,Kenya,Tanzania,2017,3,-1.0,-0.953188,0.6929026334464006,0.258129014351522,0.5189931858084491,4,1,1,1,0,0,0,0.918864,0.2383,0.570436,0.0,0.0,0
KEN‚ÜíTAN,Kenya,Tanzania,2017,4,-1.0,-0.84396,0.6814458090555752,0.2776416035225259,0.5199241268423554,4,1,1,1,0,0,0,0.918864,0.2383,0.512367,0.0,0.0,0
KEN‚ÜíTAN,Kenya,Tanzania,2017,5,-0.906376,-0.968792,0.694314544089878,0.27690910906837246,0.5273523700812758,4,1,1,1,0,0,0,0.918864,0.2383,0.578072,0.0,0.0,0
KEN‚ÜíTAN,Kenya,Tanzania,2017,6,-2.497987,-1.468121,0.6377915155789848,0.2558694283245051,0.48502268067719295,4,1,1,1,0,0,0,0.918864,0.2383,0.523992,0.0,0.0,0
KEN‚ÜíTAN,Kenya,Tanzania,2017,7,-1.795806,-1.73339,0.6434577933744399,0.24514052276499915,0.48413088513066355,4,1,1,1,0,0,0,0.918864,0.2383,0.6,0.0,0.0,0
KEN‚ÜíTAN,Kenya,Tanzania,2017,8,-1.468121,-1.920638,0.6291730061301392,0.2413490038888196,0.4740434052336113,4,1,1,1,0,0,0,0.918864,0.2383,0.6,0.0,0.0,0
KEN‚ÜíTAN,Kenya,Tanzania,2017,9,-1.187248,-1.483725,0.662504252654904,0.2501092038927411,0.4975462331500389,4,1,1,1,0,0,0,0.918864,0.2383,0.6,0.0,0.0,0
KEN‚ÜíTAN,Kenya,Tanzania,2017,10,-1.702181,-1.452517,0.6648850505289542,0.24185658165881677,0.4956736629808992,4,1,1,1,0,0,0,0.918864,0.2383,0.6,0.0,0.0,0
KEN‚ÜíTAN,Kenya,Tanzania,2017,11,-2.217115,-1.702181,0.6458386675365531,0.2246383154153616,0.4773585266880765,4,1,1,1,0,0,0,0.918864,0.2383,0.6,0.0,0.0,0
KEN‚ÜíTAN,Kenya,Tanzania,2017,12,-2.263927,-2.061074,0.5900497334602137,0.23969334724196795,0.4499071789729154,4,1,1,1,0,0,0,0.918864,0.2383,0.516637,0.0,0.0,0
KEN‚ÜíTAN,Kenya,Tanzania,2018,1,-2.029866,-2.170302,0.7241933904335567,0.20459016498984678,0.5163521002560727,4,1,1,1,0,0,0,0.918864,0.2383,0.934708,0.0,0.0,0
KEN‚ÜíTAN,Kenya,Tanzania,2018,2,-1.655369,-1.983054,0.7329508257807683,0.22582814276565688,0.5301017525747237,4,1,1,1,0,0,0,0.918864,0.2383,0.918489,0.0,0.0,0
KEN‚ÜíTAN,Kenya,Tanzania,2018,3,-2.076678,-1.920638,0.7351987186129717,0.22548839902046502,0.531314590775969,4,1,1,1,0,0,0,0.918864,0.2383,0.911113,0.0,0.0,0
KEN‚ÜíTAN,Kenya,Tanzania,2018,4,-1.327685,-1.686577,0.752898694908759,0.2449749289966368,0.5497291885439102,4,1,1,1,0,0,0,0.918864,0.2383,0.910655,0.0,0.0,0
KEN‚ÜíTAN,Kenya,Tanzania,2018,5,-3.434229,-2.279531,0.7110519060571284,0.20692562589562527,0.5094013939925272,4,1,1,1,0,0,0,0.918864,0.2383,0.920598,0.0,0.0,0
KEN‚ÜíTAN,Kenya,Tanzania,2018,6,-2.497987,-2.419967,0.727398109404818,0.20217155828593694,0.5173074889572655,4,1,1,1,0,0,0,0.918864,0.2383,1.0,0.0,0.0,0
KEN‚ÜíTAN,Kenya,Tanzania,2018,7,-1.795806,-2.576007,0.7154941200345672,0.2146112508569836,0.5151409723635338,4,1,1,1,0,0,0,0.918864,0.2383,1.0,0.0,0.0,0
KEN‚ÜíTAN,Kenya,Tanzania,2018,8,-2.310739,-2.20151,0.744063770811232,0.2148106467094331,0.5323625211705124,4,1,1,1,0,0,0,0.918864,0.2383,1.0,0.0,0.0,0
KEN‚ÜíTAN,Kenya,Tanzania,2018,9,-2.919296,-2.341947,0.7076562161234143,0.21856262537547846,0.5120187798242399,4,1,1,1,0,0,0,0.918864,0.2383,0.924606,0.0,0.0,0
KEN‚ÜíTAN,Kenya,Tanzania,2018,10,-3.434229,-2.888088,0.6916860650060028,0.18134223539631017,0.48754853316212576,4,1,1,1,0,0,0,0.918864,0.2383,1.0,0.0,0.0,0
KEN‚ÜíTAN,Kenya,Tanzania,2018,11,-3.995974,-3.449833,0.6260897041293405,0.17932548589536457,0.44738401683575013,4,1,1,1,0,0,0,0.918864,0.2383,0.933268,0.0,0.0,0
KEN‚ÜíTAN,Kenya,Tanzania,2018,12,-2.732048,-3.387417,0.6535932227331376,0.1872713885165614,0.4670644890465071,4,1,1,1,0,0,0,0.918864,0.2383,1.0,0.0,0.0,0
KEN‚ÜíTAN,Kenya,Tanzania,2019,1,-4.089598,-3.605873,0.5645179305039782,0.15978626604498944,0.40262526472038274,4,1,1,1,0,0,0,0.918864,0.2383,0.787527,0.0,0.0,0
KEN‚ÜíTAN,Kenya,Tanzania,2019,2,-2.685235,-3.16896,0.596825770052545,0.18930290381889334,0.43381662355908435,4,1,1,1,0,0,0,0.918864,0.2383,0.784524,0.0,0.0,0
KEN‚ÜíTAN,Kenya,Tanzania,2019,3,-2.825672,-3.200169,0.5720379743859182,0.20406228817620142,0.42484769990203153,4,1,1,1,0,0,0,0.918864,0.2383,0.718775,0.0,0.0,0
KEN‚ÜíTAN,Kenya,Tanzania,2019,4,-2.732048,-2.747652,0.6290531032476446,0.20348347617775556,0.45882525241968897,4,1,1,1,0,0,0,0.918864,0.2383,0.784778,0.0,0.0,0
KEN‚ÜíTAN,Kenya,Tanzania,2019,5,-3.761914,-3.106544,0.6027501578761659,0.18584291579491266,0.4359872610436646,4,1,1,1,0,0,0,0.918864,0.2383,0.787936,0.0,0.0,0
KEN‚ÜíTAN,Kenya,Tanzania,2019,6,-2.77886,-3.09094,0.6080519060509049,0.18865458264912352,0.44029297669019235,4,1,1,1,0,0,0,0.918864,0.2383,0.8,0.0,0.0,0
KEN‚ÜíTAN,Kenya,Tanzania,2019,7,-3.340605,-3.293793,0.592576643581516,0.18344145488598104,0.428922568103302,4,1,1,1,0,0,0,0.918864,0.2383,0.8,0.0,0.0,0
KEN‚ÜíTAN,Kenya,Tanzania,2019,8,-3.059732,-3.059732,0.6104327039249551,0.18564542280509969,0.4405177914770129,4,1,1,1,0,0,0,0.918864,0.2383,0.8,0.0,0.0,0
KEN‚ÜíTAN,Kenya,Tanzania,2019,9,-2.591611,-2.997316,0.6151942996730553,0.19201191845157164,0.44592134718446186,4,1,1,1,0,0,0,0.918864,0.2383,0.8,0.0,0.0,0
KEN‚ÜíTAN,Kenya,Tanzania,2019,10,-2.544799,-2.732048,0.6354310816024815,0.19541267400020057,0.45942371856156916,4,1,1,1,0,0,0,0.918864,0.2383,0.8,0.0,0.0,0
KEN‚ÜíTAN,Kenya,Tanzania,2019,11,-2.966108,-2.700839,0.6378119557645946,0.1949439795724179,0.46066476528772393,4,1,1,1,0,0,0,0.918864,0.2383,0.8,0.0,0.0,0
KEN‚ÜíTAN,Kenya,Tanzania,2019,12,-2.966108,-2.825672,0.6282886879803311,0.19174705751284904,0.4536720357933383,4,1,1,1,0,0,0,0.918864,0.2383,0.8,0.0,0.0,0
KEN‚ÜíTAN,Kenya,Tanzania,2020,1,-1.093624,-2.341947,0.7126645374428312,0.19508454838331135,0.5056325418190233,4,1,1,1,0,0,0,0.918864,0.2383,0.939302,0.0,0.0,0
KEN‚ÜíTAN,Kenya,Tanzania,2020,2,-2.966108,-2.341947,0.7094525458508671,0.18307785296395307,0.4989026686961015,4,1,1,1,0,0,0,0.918864,0.2383,0.929877,0.0,0.0,0
KEN‚ÜíTAN,Kenya,Tanzania,2020,3,-1.0,-1.686577,0.7592504295815468,0.23045263796379178,0.5477313129344448,4,1,1,1,0,0,0,0.918864,0.2383,0.929293,0.0,0.0,0
KEN‚ÜíTAN,Kenya,Tanzania,2020,4,-2.217115,-2.061074,0.7325561729407524,0.22101626231450902,0.527940208690255,4,1,1,1,0,0,0,0.918864,0.2383,0.934796,0.0,0.0,0
KEN‚ÜíTAN,Kenya,Tanzania,2020,5,-1.561745,-1.592953,0.704577746820844,0.24162963391149675,0.519398501657105,4,1,1,1,0,0,0,0.918864,0.2383,0.747908,0.0,0.0,0
KEN‚ÜíTAN,Kenya,Tanzania,2020,6,-1.327685,-1.702181,0.7139976403103252,0.25263779315253515,0.5294537014472092,4,1,1,1,0,0,0,0.918864,0.2383,0.8,0.0,0.0,0
KEN‚ÜíTAN,Kenya,Tanzania,2020,7,-2.029866,-1.639765,0.7187592360584255,0.24450488616005964,0.5290574960990791,4,1,1,1,0,0,0,0.918864,0.2383,0.8,0.0,0.0,0
KEN‚ÜíTAN,Kenya,Tanzania,2020,8,-1.842618,-1.73339,0.7116167661482119,0.25923230402314773,0.5306629812981862,4,1,1,1,0,0,0,0.918864,0.2383,0.8,0.0,0.0,0
KEN‚ÜíTAN,Kenya,Tanzania,2020,9,-3.340605,-2.404363,0.6604295355680709,0.22059478209600952,0.48449563417924635,4,1,1,1,0,0,0,0.918864,0.2383,0.8,0.0,0.0,0
KEN‚ÜíTAN,Kenya,Tanzania,2020,10,-2.966108,-2.716444,0.6366214805395065,0.22126977622065816,0.4704807988119672,4,1,1,1,0,0,0,0.918864,0.2383,0.8,0.0,0.0,0
KEN‚ÜíTAN,Kenya,Tanzania,2020,11,-1.936242,-2.747652,0.6342406826654564,0.23386767256217494,0.4740914786241438,4,1,1,1,0,0,0,0.918864,0.2383,0.8,0.0,0.0,0
KEN‚ÜíTAN,Kenya,Tanzania,2020,12,-2.966108,-2.622819,0.64376395044972,0.21643930865787803,0.47283409373298324,4,1,1,1,0,0,0,0.918864,0.2383,0.8,0.0,0.0,0
KEN‚ÜíTAN,Kenya,Tanzania,2021,1,-1.842618,-2.248323,0.5445156848853947,0.27701758009413885,0.43751644296889236,4,1,1,1,0,0,0,0.918864,0.2383,0.424942,0.0,0.0,0
KEN‚ÜíTAN,Kenya,Tanzania,2021,2,-2.076678,-2.295135,0.5413558274750092,0.2770359528151268,0.43562787761105626,4,1,1,1,0,0,0,0.918864,0.2383,0.426149,0.0,0.0,0
KEN‚ÜíTAN,Kenya,Tanzania,2021,3,-2.310739,-2.076678,0.5401699723222446,0.2979878841095303,0.4432971370371589,4,1,1,1,0,0,0,0.918864,0.2383,0.373767,0.0,0.0,0
KEN‚ÜíTAN,Kenya,Tanzania,2021,4,-2.217115,-2.20151,0.5578336910911824,0.28760084107137396,0.44974055108325905,4,1,1,1,0,0,0,0.918864,0.2383,0.453542,0.0,0.0,0
KEN‚ÜíTAN,Kenya,Tanzania,2021,5,-2.357551,-2.295135,0.5601963307291352,0.2750764087408748,0.44614836193383106,4,1,1,1,0,0,0,0.918864,0.2383,0.481433,0.0,0.0,0
KEN‚ÜíTAN,Kenya,Tanzania,2021,6,-3.01292,-2.529195,0.5543036095750118,0.25006615732034476,0.432608628673145,4,1,1,1,0,0,0,0.918864,0.2383,0.516537,0.0,0.0,0
KEN‚ÜíTAN,Kenya,Tanzania,2021,7,-2.497987,-2.622819,0.5756049776759481,0.2319988368065509,0.4381625213281892,4,1,1,1,0,0,0,0.918864,0.2383,0.6,0.0,0.0,0
KEN‚ÜíTAN,Kenya,Tanzania,2021,8,-3.246981,-2.919296,0.5529873215844086,0.21306498299729063,0.4170183861495614,4,1,1,1,0,0,0,0.918864,0.2383,0.6,0.0,0.0,0
KEN‚ÜíTAN,Kenya,Tanzania,2021,9,-3.01292,-2.919296,0.5529873215844086,0.2095453672902125,0.41561053986673013,4,1,1,1,0,0,0,0.918864,0.2383,0.6,0.0,0.0,0
KEN‚ÜíTAN,Kenya,Tanzania,2021,10,-3.200169,-3.153356,0.5351313375290325,0.1972640625480807,0.39998442753665175,4,1,1,1,0,0,0,0.918864,0.2383,0.6,0.0,0.0,0
KEN‚ÜíTAN,Kenya,Tanzania,2021,11,-3.293793,-3.16896,0.5068279808123287,0.2035603839245393,0.385520942057213,4,1,1,1,0,0,0,0.918864,0.2383,0.520442,0.0,0.0,0
KEN‚ÜíTAN,Kenya,Tanzania,2021,12,-2.966108,-3.153356,0.5351313375290325,0.19215631509556347,0.3979413285556449,4,1,1,1,0,0,0,0.918864,0.2383,0.6,0.0,0.0,0
KEN‚ÜíTAN,Kenya,Tanzania,2022,1,-2.170302,-2.810068,0.5326865296813225,0.21927570161968526,0.40732219845666756,4,1,1,1,0,0,0,0.918864,0.2383,0.51598,0.0,0.0,0
KEN‚ÜíTAN,Kenya,Tanzania,2022,2,-1.936242,-2.357551,0.5602290371259422,0.25133073953140284,0.43666971808812644,4,1,1,1,0,0,0,0.918864,0.2383,0.495501,0.0,0.0,0
KEN‚ÜíZAM,Kenya,Zambia,2013,1,-2.956373,,0.0,0.07807451046094135,0.0,1,0,1,0,1,1,0,0.566027,0.8667,,0.0,,0
KEN‚ÜíZAM,Kenya,Zambia,2013,2,-2.41837,-2.687372,0.02052156526907718,0.1289080214687898,0.0,1,0,1,0,1,1,0,0.566027,0.8667,,0.0,,0
KEN‚ÜíZAM,Kenya,Zambia,2013,3,-2.20643,-2.527058,0.03275160982113028,0.09041268656583709,0.0,1,0,1,0,1,1,0,0.566027,0.8667,,0.0,,0
KEN‚ÜíZAM,Kenya,Zambia,2013,4,-2.548795,-2.391198,0.043116106077489245,0.04762624477407769,0.0,1,0,1,0,1,1,0,0.566027,0.8667,,0.0,,0
KEN‚ÜíZAM,Kenya,Zambia,2013,5,-2.744432,-2.499886,0.034824509072402074,0.019698968248823247,0.0,1,0,1,0,1,1,0,0.566027,0.8667,,0.0,,0
KEN‚ÜíZAM,Kenya,Zambia,2013,6,-1.880368,-2.391198,0.31575199717257746,0.1413581747802997,0.0,1,0,1,0,1,1,0,0.566027,0.8667,0.8,0.0,0.0,0
KEN‚ÜíZAM,Kenya,Zambia,2013,7,-2.076005,-2.233602,0.3277746907690528,0.12589019609026617,0.0,1,0,1,0,1,1,0,0.566027,0.8667,0.8,0.0,0.0,0
KEN‚ÜíZAM,Kenya,Zambia,2013,8,-2.988979,-2.315117,0.32155606930330066,0.0,0.0,1,0,1,0,1,1,0,0.566027,0.8667,0.8,0.0,0.0,0
KEN‚ÜíZAM,Kenya,Zambia,2013,9,-1.749943,-2.271642,0.32487269284772285,0.16796295259103353,0.0,1,0,1,0,1,1,0,0.566027,0.8667,0.8,0.0,0.0,0
KEN‚ÜíZAM,Kenya,Zambia,2013,10,-2.353158,-2.364027,0.3178248201357861,0.08994325337729579,0.0,1,0,1,0,1,1,0,0.566027,0.8667,0.8,0.0,0.0,0
KEN‚ÜíZAM,Kenya,Zambia,2013,11,-2.402067,-2.168389,0.3327496642297178,0.09002854888361796,0.0,1,0,1,0,1,1,0,0.566027,0.8667,0.8,0.0,0.0,0
KEN‚ÜíZAM,Kenya,Zambia,2013,12,-2.304249,-2.353158,0.3186539950939074,0.09782318885731052,0.0,1,0,1,0,1,1,0,0.566027,0.8667,0.8,0.0,0.0,0
KEN‚ÜíZAM,Kenya,Zambia,2014,1,-2.076005,-2.260774,0.22603974152797154,0.06101041410479397,0.0,1,0,1,0,1,1,0,0.566027,0.8667,0.50756,0.0,0.0,0
KEN‚ÜíZAM,Kenya,Zambia,2014,2,-2.141218,-2.173824,0.22506031294771342,0.07065651686048481,0.0,1,0,1,0,1,1,0,0.566027,0.8667,0.485222,0.0,0.0,0
KEN‚ÜíZAM,Kenya,Zambia,2014,3,-1.782549,-1.999924,0.2342914551423313,0.12732472446070786,0.0,1,0,1,0,1,1,0,0.566027,0.8667,0.473381,0.0,0.0,0
KEN‚ÜíZAM,Kenya,Zambia,2014,4,-2.336855,-2.086874,0.20049106389045285,0.07576078077705051,0.0,1,0,1,0,1,1,0,0.566027,0.8667,0.393664,0.0,0.0,0
KEN‚ÜíZAM,Kenya,Zambia,2014,5,-2.271642,-2.130349,0.22539975256137743,0.07765348814615732,0.0,1,0,1,0,1,1,0,0.566027,0.8667,0.476486,0.0,0.0,0
KEN‚ÜíZAM,Kenya,Zambia,2014,6,-2.239036,-2.282511,0.25588454511582953,0.07517075992055947,0.0,1,0,1,0,1,1,0,0.566027,0.8667,0.6,0.0,0.0,0
KEN‚ÜíZAM,Kenya,Zambia,2014,7,-1.782549,-2.097743,0.26998013796357667,0.14301240667095536,0.0,1,0,1,0,1,1,0,0.566027,0.8667,0.6,0.0,0.0,0
KEN‚ÜíZAM,Kenya,Zambia,2014,8,-2.369461,-2.130349,0.2674926893772757,0.07309649813197325,0.0,1,0,1,0,1,1,0,0.566027,0.8667,0.6,0.0,0.0,0
KEN‚ÜíZAM,Kenya,Zambia,2014,9,-2.695523,-2.282511,0.25588454511582953,0.0264239568559709,0.0,1,0,1,0,1,1,0,0.566027,0.8667,0.6,0.0,0.0,0
KEN‚ÜíZAM,Kenya,Zambia,2014,10,-2.239036,-2.434673,0.24427640085438315,0.09203502013723382,0.0,1,0,1,0,1,1,0,0.566027,0.8667,0.6,0.0,0.0,0
KEN‚ÜíZAM,Kenya,Zambia,2014,11,-2.076005,-2.336855,0.2517387466132859,0.12124510125899451,0.0,1,0,1,0,1,1,0,0.566027,0.8667,0.6,0.0,0.0,0
KEN‚ÜíZAM,Kenya,Zambia,2014,12,-1.766246,-2.027096,0.0708927424379546,0.13483709271811514,0.0,1,0,1,0,1,1,0,0.566027,0.8667,,0.0,,0
KEN‚ÜíZAM,Kenya,Zambia,2015,1,-2.190127,-2.010793,0.3280243350362219,0.13362882684404634,0.0,1,0,1,0,1,1,0,0.566027,0.8667,0.750856,0.0,0.0,0
KEN‚ÜíZAM,Kenya,Zambia,2015,2,-2.076005,-2.010793,0.33563905547450773,0.16087134652983257,0.0,1,0,1,0,1,1,0,0.566027,0.8667,0.7732,0.0,0.0,0
KEN‚ÜíZAM,Kenya,Zambia,2015,3,-1.554306,-1.940146,0.3481232457462237,0.23789572994395228,0.0,1,0,1,0,1,1,0,0.566027,0.8667,0.794018,0.0,0.0,0
KEN‚ÜíZAM,Kenya,Zambia,2015,4,-1.652124,-1.760812,0.3698695405072622,0.23220438589676012,0.0,1,0,1,0,1,1,0,0.566027,0.8667,0.817684,0.0,0.0,0
KEN‚ÜíZAM,Kenya,Zambia,2015,5,-2.46728,-1.891237,0.37145455363136476,0.11980310718832117,0.0,1,0,1,0,1,1,0,0.566027,0.8667,0.851531,0.0,0.0,0
KEN‚ÜíZAM,Kenya,Zambia,2015,6,-1.94558,-2.021661,0.41210223192990697,0.17092226736295021,0.0,1,0,1,0,1,1,0,0.566027,0.8667,1.0,0.0,0.0,0
KEN‚ÜíZAM,Kenya,Zambia,2015,7,-1.94558,-2.11948,0.4046398098829411,0.17198986657908794,0.0,1,0,1,0,1,1,0,0.566027,0.8667,1.0,0.0,0.0,0
KEN‚ÜíZAM,Kenya,Zambia,2015,8,-2.043399,-1.978186,0.38530894766178764,0.17837311012563273,0.0,1,0,1,0,1,1,0,0.566027,0.8667,0.911648,0.0,0.0,0
KEN‚ÜíZAM,Kenya,Zambia,2015,9,-1.978186,-1.989055,0.3763415913544779,0.1880612311588321,0.0,1,0,1,0,1,1,0,0.566027,0.8667,0.887768,0.0,0.0,0
KEN‚ÜíZAM,Kenya,Zambia,2015,10,-2.320552,-2.114046,0.40505435921797023,0.11414898796158908,0.0,1,0,1,0,1,1,0,0.566027,0.8667,1.0,0.0,0.0,0
KEN‚ÜíZAM,Kenya,Zambia,2015,11,-2.108611,-2.135783,0.4033960855897907,0.14325495992712967,0.0,1,0,1,0,1,1,0,0.566027,0.8667,1.0,0.0,0.0,0
KEN‚ÜíZAM,Kenya,Zambia,2015,12,-1.766246,-2.065136,0.4087856083854848,0.1882765359080607,0.0,1,0,1,0,1,1,0,0.566027,0.8667,1.0,0.0,0.0,0
KEN‚ÜíZAM,Kenya,Zambia,2016,1,-2.027096,-1.967318,0.2546331466467218,0.13017107992497465,0.0,5,0,1,0,0,0,0,0.566027,0.8667,0.525771,0.0,0.0,0
KEN‚ÜíZAM,Kenya,Zambia,2016,2,-1.912974,-1.902105,0.2562339101602211,0.14895482652848888,0.0,5,0,1,0,0,0,0,0.566027,0.8667,0.51587,0.0,0.0,0
KEN‚ÜíZAM,Kenya,Zambia,2016,3,-1.798852,-1.912974,0.2554480161498111,0.16419331710896687,0.0,5,0,1,0,0,0,0,0.566027,0.8667,0.515997,0.0,0.0,0
KEN‚ÜíZAM,Kenya,Zambia,2016,4,-1.065212,-1.592346,0.28224459484060227,0.2655312898489756,0.0,5,0,1,0,0,0,0,0.566027,0.8667,0.522853,0.0,0.0,0
KEN‚ÜíZAM,Kenya,Zambia,2016,5,-1.717337,-1.527134,0.2924656881476013,0.19306724513084084,0.0,5,0,1,0,0,0,0,0.566027,0.8667,0.538247,0.0,0.0,0
KEN‚ÜíZAM,Kenya,Zambia,2016,6,-1.880368,-1.554306,0.3114378941248233,0.16798412583052386,0.0,5,0,1,0,0,0,0,0.566027,0.8667,0.6,0.0,0.0,0
KEN‚ÜíZAM,Kenya,Zambia,2016,7,-1.749943,-1.782549,0.29402567773265376,0.18384209704089496,0.0,5,0,1,0,0,0,0,0.566027,0.8667,0.6,0.0,0.0,0
KEN‚ÜíZAM,Kenya,Zambia,2016,8,-2.043399,-1.891237,0.2857340807275665,0.1446373875437401,0.0,5,0,1,0,0,0,0,0.566027,0.8667,0.6,0.0,0.0,0
KEN‚ÜíZAM,Kenya,Zambia,2016,9,-1.73364,-1.842327,0.28946532989508106,0.18450866592163612,0.0,5,0,1,0,0,0,0,0.566027,0.8667,0.6,0.0,0.0,0
KEN‚ÜíZAM,Kenya,Zambia,2016,10,-1.749943,-1.842327,0.2665894746578838,0.19033823484560725,0.0,5,0,1,0,0,0,0,0.566027,0.8667,0.532875,0.0,0.0,0
KEN‚ÜíZAM,Kenya,Zambia,2016,11,-1.847762,-1.777115,0.29444022706768286,0.1653256791191445,0.0,5,0,1,0,0,0,0,0.566027,0.8667,0.6,0.0,0.0,0
KEN‚ÜíZAM,Kenya,Zambia,2016,12,-1.717337,-1.77168,0.29485485269077516,0.1830771877432488,0.0,5,0,1,0,0,0,0,0.566027,0.8667,0.6,0.0,0.0,0
KEN‚ÜíZAM,Kenya,Zambia,2017,1,-1.73364,-1.766246,0.2873220658003824,0.17142242063302596,0.0,5,0,1,0,0,0,0,0.566027,0.8667,0.57668,0.0,0.0,1
KEN‚ÜíZAM,Kenya,Zambia,2017,2,-1.717337,-1.722771,0.28888700374451876,0.20314734696277664,0.0,5,0,1,0,0,0,0,0.566027,0.8667,0.57154,0.0,0.0,1
KEN‚ÜíZAM,Kenya,Zambia,2017,3,-2.076005,-1.842327,0.279390070539662,0.16793483848292387,0.0,5,0,1,0,0,0,0,0.566027,0.8667,0.570436,0.0,0.0,0
KEN‚ÜíZAM,Kenya,Zambia,2017,4,-2.20643,-1.999924,0.24757768370512273,0.16136143982176904,0.0,5,0,1,0,0,0,0,0.566027,0.8667,0.512367,0.0,0.0,0
KEN‚ÜíZAM,Kenya,Zambia,2017,5,-2.46728,-2.249905,0.25089904392721396,0.10187254714002153,0.0,5,0,1,0,0,0,0,0.566027,0.8667,0.578072,0.0,0.0,0
KEN‚ÜíZAM,Kenya,Zambia,2017,6,-2.809645,-2.494452,0.21381284071580303,0.045632096611106635,0.0,5,0,1,0,0,0,0,0.566027,0.8667,0.523992,0.0,0.0,0
KEN‚ÜíZAM,Kenya,Zambia,2017,7,-2.597705,-2.624876,0.22976618238354365,0.05886161854729544,0.0,5,0,1,0,0,0,0,0.566027,0.8667,0.6,0.0,0.0,0
KEN‚ÜíZAM,Kenya,Zambia,2017,8,-2.141218,-2.516189,0.23805770310056779,0.12051967619555531,0.0,5,0,1,0,0,0,0,0.566027,0.8667,0.6,0.0,0.0,0
KEN‚ÜíZAM,Kenya,Zambia,2017,9,-2.141218,-2.29338,0.25505537015770813,0.1285241705834073,0.0,5,0,1,0,0,0,0,0.566027,0.8667,0.6,0.0,0.0,0
KEN‚ÜíZAM,Kenya,Zambia,2017,10,-2.255339,-2.179258,0.2637615164978244,0.11887208275529978,0.0,5,0,1,0,0,0,0,0.566027,0.8667,0.6,0.0,0.0,0
KEN‚ÜíZAM,Kenya,Zambia,2017,11,-2.483583,-2.29338,0.25505537015770813,0.09111164013800786,0.0,5,0,1,0,0,0,0,0.566027,0.8667,0.6,0.0,0.0,0
KEN‚ÜíZAM,Kenya,Zambia,2017,12,-2.287945,-2.342289,0.22291451504155696,0.14045703508025512,0.0,5,0,1,0,0,0,0,0.566027,0.8667,0.516637,0.0,0.0,0
KEN‚ÜíZAM,Kenya,Zambia,2018,1,-2.173824,-2.315117,0.367463863825347,0.17544482416791182,0.0,5,0,1,0,0,0,0,0.566027,0.8667,0.934708,0.0,0.0,0
KEN‚ÜíZAM,Kenya,Zambia,2018,2,-2.173824,-2.211864,0.3698134833102528,0.2000607559258481,0.0,5,0,1,0,0,0,0,0.566027,0.8667,0.918489,0.0,0.0,0
KEN‚ÜíZAM,Kenya,Zambia,2018,3,-2.255339,-2.200996,0.3681288790644144,0.19798637731734717,0.0,5,0,1,0,0,0,0,0.566027,0.8667,0.911113,0.0,0.0,0
KEN‚ÜíZAM,Kenya,Zambia,2018,4,-1.99449,-2.141218,0.3725331428543352,0.2352364952549761,0.0,5,0,1,0,0,0,0,0.566027,0.8667,0.910655,0.0,0.0,0
KEN‚ÜíZAM,Kenya,Zambia,2018,5,-2.597705,-2.282511,0.3651426968824583,0.14242232807536628,0.0,5,0,1,0,0,0,0,0.566027,0.8667,0.920598,0.0,0.0,0
KEN‚ÜíZAM,Kenya,Zambia,2018,6,-2.092308,-2.228167,0.396348289165917,0.16080446697603437,0.0,5,0,1,0,0,0,0,0.566027,0.8667,1.0,0.0,0.0,0
KEN‚ÜíZAM,Kenya,Zambia,2018,7,-1.831458,-2.173824,0.40049401138039753,0.19817531552916556,0.0,5,0,1,0,0,0,0,0.566027,0.8667,1.0,0.0,0.0,0
KEN‚ÜíZAM,Kenya,Zambia,2018,8,-1.912974,-1.94558,0.4179063040606302,0.19236870981664142,0.0,5,0,1,0,0,0,0,0.566027,0.8667,1.0,0.0,0.0,0
KEN‚ÜíZAM,Kenya,Zambia,2018,9,-2.124914,-1.956449,0.39138324113598,0.17821352942058918,0.0,5,0,1,0,0,0,0,0.566027,0.8667,0.924606,0.0,0.0,0
KEN‚ÜíZAM,Kenya,Zambia,2018,10,-2.108611,-2.048833,0.4100293326786352,0.16231219988805512,0.0,5,0,1,0,0,0,0,0.566027,0.8667,1.0,0.0,0.0,0
KEN‚ÜíZAM,Kenya,Zambia,2018,11,-2.336855,-2.190127,0.37650836423155026,0.14211440006734732,0.0,5,0,1,0,0,0,0,0.566027,0.8667,0.933268,0.0,0.0,0
KEN‚ÜíZAM,Kenya,Zambia,2018,12,-1.831458,-2.092308,0.40671270913421287,0.1961567961904783,0.0,5,0,1,0,0,0,0,0.566027,0.8667,1.0,0.0,0.0,0
KEN‚ÜíZAM,Kenya,Zambia,2019,1,-2.402067,-2.190127,0.3268405799764388,0.11152237269614308,0.0,5,0,1,0,0,0,0,0.566027,0.8667,0.787527,0.0,0.0,0
KEN‚ÜíZAM,Kenya,Zambia,2019,2,-1.815155,-2.016227,0.3390836671779296,0.19912418178332159,0.0,5,0,1,0,0,0,0,0.566027,0.8667,0.784524,0.0,0.0,0
KEN‚ÜíZAM,Kenya,Zambia,2019,3,-1.766246,-1.99449,0.3183350193015956,0.22265011190038228,0.0,5,0,1,0,0,0,0,0.566027,0.8667,0.718775,0.0,0.0,1
KEN‚ÜíZAM,Kenya,Zambia,2019,4,-1.815155,-1.798852,0.35575334679546355,0.2080445950895136,0.0,5,0,1,0,0,0,0,0.566027,0.8667,0.784778,0.0,0.0,1
KEN‚ÜíZAM,Kenya,Zambia,2019,5,-2.255339,-1.94558,0.34563598204914425,0.14687047239035153,0.0,5,0,1,0,0,0,0,0.566027,0.8667,0.787936,0.0,0.0,0
KEN‚ÜíZAM,Kenya,Zambia,2019,6,-2.076005,-2.048833,0.3418703599048632,0.1565062540218488,0.0,5,0,1,0,0,0,0,0.566027,0.8667,0.8,0.0,0.0,0
KEN‚ÜíZAM,Kenya,Zambia,2019,7,-2.20643,-2.179258,0.3319204892715964,0.13553203217313714,0.0,5,0,1,0,0,0,0,0.566027,0.8667,0.8,0.0,0.0,1
KEN‚ÜíZAM,Kenya,Zambia,2019,8,-2.141218,-2.141218,0.33482248719292645,0.13965518473262775,0.0,5,0,1,0,0,0,0,0.566027,0.8667,0.8,0.0,0.0,1
KEN‚ÜíZAM,Kenya,Zambia,2019,9,-1.94558,-2.097743,0.33813911073734865,0.16070404252904866,0.0,5,0,1,0,0,0,0,0.566027,0.8667,0.8,0.0,0.0,1
KEN‚ÜíZAM,Kenya,Zambia,2019,10,-1.99449,-2.027096,0.34352863353304275,0.15078659638343003,0.0,5,0,1,0,0,0,0,0.566027,0.8667,0.8,0.0,0.0,1
KEN‚ÜíZAM,Kenya,Zambia,2019,11,-2.20643,-2.048833,0.3418703599048632,0.12008585799257235,0.0,5,0,1,0,0,0,0,0.566027,0.8667,0.8,0.0,0.0,1
KEN‚ÜíZAM,Kenya,Zambia,2019,12,-2.108611,-2.103177,0.3377245614023196,0.12923972544043597,0.0,5,0,1,0,0,0,0,0.566027,0.8667,0.8,0.0,0.0,1
KEN‚ÜíZAM,Kenya,Zambia,2020,1,-1.586912,-1.967318,0.39556238749727535,0.0928784756634337,0.0,5,0,1,0,0,0,0,0.566027,0.8667,0.939302,0.0,0.0,0
KEN‚ÜíZAM,Kenya,Zambia,2020,2,-2.108611,-1.934711,0.3948379207796753,0.04770409364850152,0.0,5,0,1,0,0,0,0,0.566027,0.8667,0.929877,0.0,0.0,0
KEN‚ÜíZAM,Kenya,Zambia,2020,3,-1.489093,-1.728205,0.4103928393431658,0.15157857735030422,0.0,5,0,1,0,0,0,0,0.566027,0.8667,0.929293,0.0,0.0,0
KEN‚ÜíZAM,Kenya,Zambia,2020,4,-2.043399,-1.880368,0.4006600129295267,0.09640879396561484,0.0,5,0,1,0,0,0,0,0.566027,0.8667,0.934796,0.0,0.0,0
KEN‚ÜíZAM,Kenya,Zambia,2020,5,-1.961883,-1.831458,0.3407007915783178,0.11923722356055505,0.0,5,0,1,0,0,0,0,0.566027,0.8667,0.747908,0.0,0.0,0
KEN‚ÜíZAM,Kenya,Zambia,2020,6,-1.99449,-1.999924,0.3456015327843145,0.12509239139155764,0.0,5,0,1,0,0,0,0,0.566027,0.8667,0.8,0.0,0.0,0
KEN‚ÜíZAM,Kenya,Zambia,2020,7,-2.239036,-2.065136,0.3406266356117127,0.10036846146536768,0.0,5,0,1,0,0,0,0,0.566027,0.8667,0.8,0.0,0.0,0
KEN‚ÜíZAM,Kenya,Zambia,2020,8,-2.076005,-2.103177,0.3377245614023196,0.13397351297754975,0.0,5,0,1,0,0,0,0,0.566027,0.8667,0.8,0.0,0.0,0
KEN‚ÜíZAM,Kenya,Zambia,2020,9,-2.630311,-2.315117,0.32155606930330066,0.060813840175687445,0.0,5,0,1,0,0,0,0,0.566027,0.8667,0.8,0.0,0.0,0
KEN‚ÜíZAM,Kenya,Zambia,2020,10,-2.320552,-2.342289,0.3194831700520288,0.1100004417531232,0.0,5,0,1,0,0,0,0,0.566027,0.8667,0.8,0.0,0.0,0
KEN‚ÜíZAM,Kenya,Zambia,2020,11,-2.076005,-2.342289,0.3194831700520288,0.15141127272345217,0.0,5,0,1,0,0,0,0,0.566027,0.8667,0.8,0.0,0.0,0
KEN‚ÜíZAM,Kenya,Zambia,2020,12,-2.369461,-2.255339,0.32611641714087325,0.12047907531325705,0.0,5,0,1,0,0,0,0,0.566027,0.8667,0.8,0.0,0.0,0
KEN‚ÜíZAM,Kenya,Zambia,2021,1,-1.782549,-2.076005,0.2119796206006645,0.210553031747166,0.0,5,0,1,0,0,0,0,0.566027,0.8667,0.424942,0.0,0.0,0
KEN‚ÜíZAM,Kenya,Zambia,2021,2,-1.912974,-2.021661,0.21653675850389772,0.19797158571946016,0.0,5,0,1,0,0,0,0,0.566027,0.8667,0.426149,0.0,0.0,0
KEN‚ÜíZAM,Kenya,Zambia,2021,3,-1.880368,-1.85863,0.2111225611642868,0.22132766648195631,0.0,5,0,1,0,0,0,0,0.566027,0.8667,0.373767,0.0,0.0,0
KEN‚ÜíZAM,Kenya,Zambia,2021,4,-1.880368,-1.891237,0.2358219465550611,0.21083680160225443,0.0,5,0,1,0,0,0,0,0.566027,0.8667,0.453542,0.0,0.0,0
KEN‚ÜíZAM,Kenya,Zambia,2021,5,-1.635821,-1.798852,0.2523749288151642,0.24163799346455764,0.0,5,0,1,0,0,0,0,0.566027,0.8667,0.481433,0.0,0.0,0
KEN‚ÜíZAM,Kenya,Zambia,2021,6,-2.043399,-1.853196,0.260192393213873,0.19626164611903435,0.0,5,0,1,0,0,0,0,0.566027,0.8667,0.516537,0.0,0.0,0
KEN‚ÜíZAM,Kenya,Zambia,2021,7,-2.076005,-1.918408,0.28366125776435785,0.17321094210505844,0.0,5,0,1,0,0,0,0,0.566027,0.8667,0.6,0.0,0.0,0
KEN‚ÜíZAM,Kenya,Zambia,2021,8,-1.94558,-2.021661,0.27578428638236296,0.18755681602196486,0.0,5,0,1,0,0,0,0,0.566027,0.8667,0.6,0.0,0.0,0
KEN‚ÜíZAM,Kenya,Zambia,2021,9,-1.880368,-1.967318,0.27993000859684347,0.19600696996726089,0.0,5,0,1,0,0,0,0,0.566027,0.8667,0.6,0.0,0.0,0
KEN‚ÜíZAM,Kenya,Zambia,2021,10,-1.880368,-1.902105,0.28490498205750836,0.19691820033887905,0.0,5,0,1,0,0,0,0,0.566027,0.8667,0.6,0.0,0.0,0
KEN‚ÜíZAM,Kenya,Zambia,2021,11,-1.961883,-1.90754,0.2573773986547373,0.19945657107652695,0.0,5,0,1,0,0,0,0,0.566027,0.8667,0.520442,0.0,0.0,0
KEN‚ÜíZAM,Kenya,Zambia,2021,12,-1.847762,-1.896671,0.28531953139253746,0.20016847312188124,0.0,5,0,1,0,0,0,0,0.566027,0.8667,0.6,0.0,0.0,0
KEN‚ÜíZAM,Kenya,Zambia,2022,1,-1.782549,-1.864065,0.2591733955165767,0.28775879882904476,0.0,5,0,1,0,0,0,0,0.566027,0.8667,0.51598,0.0,0.0,0
KEN‚ÜíZAM,Kenya,Zambia,2022,2,-1.668427,-1.766246,0.25965667954637217,0.31781433138111603,0.0,5,0,1,0,0,0,0,0.566027,0.8667,0.495501,0.0,0.0,0
KEN‚ÜíZAM,Kenya,Zambia,2023,11,-1.572239,-1.674405,0.43859371957894416,0.25941756285694845,0.0,1,0,1,0,1,1,0,0.566027,0.8667,1.0,0.0,0.0,0
KEN‚ÜíZAM,Kenya,Zambia,2023,12,-1.547784,-1.59615,0.4445636419589043,0.27496584529545154,0.0,1,0,1,0,1,1,0,0.566027,0.8667,1.0,0.0,0.0,0
TAN‚ÜíKEN,Tanzania,Kenya,2016,1,0.170302,,0.5842098505224345,0.5886145969630256,0.5859717490986709,2,1,1,1,0,1,1,0.918864,0.2383,,0.01819,,0
TAN‚ÜíKEN,Tanzania,Kenya,2016,2,-0.625503,-0.2276,0.5538546776282953,0.6162090443451388,0.5787964243150328,2,1,1,1,0,1,0,0.918864,0.2383,,0.0,,0
TAN‚ÜíKEN,Tanzania,Kenya,2016,3,-0.391443,-0.282215,0.5496882050606444,0.6535856225182858,0.5912471720437009,2,1,1,1,0,1,0,0.918864,0.2383,,0.0,,0
TAN‚ÜíKEN,Tanzania,Kenya,2016,4,-2.217115,-1.07802,0.4889777829843029,0.6086337919242489,0.5368401865602813,2,1,1,1,0,1,0,0.918864,0.2383,,0.0,,0
TAN‚ÜíKEN,Tanzania,Kenya,2016,5,-1.280873,-1.296477,0.47231212157788877,0.608934088478984,0.5269609083383269,3,1,1,1,0,1,0,0.918864,0.2383,,0.0,,0
TAN‚ÜíKEN,Tanzania,Kenya,2016,6,-0.719127,-1.405705,0.7366152201138015,0.6113634752488952,0.686514522167839,1,1,1,1,1,1,0,0.918864,0.2383,0.8,0.0,0.0,0
TAN‚ÜíKEN,Tanzania,Kenya,2016,7,-0.672315,-0.890772,0.7415534957378519,0.6311840458777149,0.6974057157937972,1,1,1,1,1,1,0,0.918864,0.2383,0.699221,0.0,0.0,0
TAN‚ÜíKEN,Tanzania,Kenya,2016,8,0.404363,-0.329027,0.7914381910055682,0.6252512228942172,0.7249634037610277,1,1,1,1,1,1,1,0.918864,0.2383,0.71985,0.04319,0.03109,0
TAN‚ÜíKEN,Tanzania,Kenya,2016,9,-0.344631,-0.204194,0.8052159418703707,0.6437694615598726,0.7406373497461713,1,1,1,1,1,1,0,0.918864,0.2383,0.732334,0.0,0.0,0
TAN‚ÜíKEN,Tanzania,Kenya,2016,10,-0.344631,-0.094966,0.8366089596880965,0.6462958186566086,0.7604837032755012,1,1,1,1,1,1,0,0.918864,0.2383,0.8,0.0,0.0,0
TAN‚ÜíKEN,Tanzania,Kenya,2016,11,0.310739,-0.126174,0.8342281618140462,0.6415032481094419,0.7571381963322046,1,1,1,1,1,1,1,0.918864,0.2383,0.8,0.03319,0.026552,0
TAN‚ÜíKEN,Tanzania,Kenya,2016,12,-0.438255,-0.157382,0.8110840960639221,0.6719281554467842,0.755421719817067,1,1,1,1,1,1,0,0.918864,0.2383,0.739074,0.0,0.0,0
TAN‚ÜíKEN,Tanzania,Kenya,2017,1,-0.672315,-0.26661,0.836245304315506,0.6706609893301457,0.7700115783213619,1,1,1,1,1,1,0,0.918864,0.2383,0.837356,0.0,0.0,0
TAN‚ÜíKEN,Tanzania,Kenya,2017,2,-1.468121,-0.859564,0.8200164061757613,0.6342801608427782,0.7457219080425681,1,1,1,1,1,1,0,0.918864,0.2383,0.92247,0.0,0.0,0
TAN‚ÜíKEN,Tanzania,Kenya,2017,3,-1.0,-1.046812,0.8033801343707654,0.63864756970803,0.7374871085056712,1,1,1,1,1,1,0,0.918864,0.2383,0.91557,0.0,0.0,0
TAN‚ÜíKEN,Tanzania,Kenya,2017,4,-1.0,-1.15604,0.7727477706891949,0.6492918319231652,0.723365395182783,2,1,1,1,0,1,0,0.918864,0.2383,0.850136,0.0,0.0,0
TAN‚ÜíKEN,Tanzania,Kenya,2017,5,-1.093624,-1.031208,0.8078939648202396,0.6293960707381095,0.7364948071873876,2,1,1,1,0,1,0,0.918864,0.2383,0.925322,0.0,0.0,1
TAN‚ÜíKEN,Tanzania,Kenya,2017,6,0.497987,-0.531879,0.8714366859371036,0.6291423857151951,0.7745189658483401,2,1,1,1,0,1,1,0.918864,0.2383,1.0,0.05319,0.05319,1
TAN‚ÜíKEN,Tanzania,Kenya,2017,7,-0.204194,-0.26661,0.8916735441545929,0.6577192429835687,0.7980918236861831,2,1,1,1,0,1,0,0.918864,0.2383,1.0,0.0,0.0,0
TAN‚ÜíKEN,Tanzania,Kenya,2017,8,-0.531879,-0.079362,0.9059583313988936,0.6664256137120333,0.8101452443241495,2,1,1,1,0,1,0,0.918864,0.2383,1.0,0.0,0.0,0
TAN‚ÜíKEN,Tanzania,Kenya,2017,9,-0.812752,-0.516275,0.8726270848741287,0.6623337844986243,0.7885097647239269,2,1,1,1,0,1,0,0.918864,0.2383,1.0,0.0,0.0,0
TAN‚ÜíKEN,Tanzania,Kenya,2017,10,-0.297819,-0.547483,0.8702462870000786,0.6743527548684051,0.7918888741474093,2,1,1,1,0,1,0,0.918864,0.2383,1.0,0.0,0.0,0
TAN‚ÜíKEN,Tanzania,Kenya,2017,11,0.217115,-0.297819,0.8892926699924796,0.6785809913778523,0.8050079985466286,2,1,1,1,0,1,1,0.918864,0.2383,1.0,0.02319,0.02319,0
TAN‚ÜíKEN,Tanzania,Kenya,2017,12,0.263927,0.061074,0.9166719218321191,0.6831059243340261,0.8232455228328819,1,1,1,1,1,1,1,0.918864,0.2383,1.0,0.02819,0.02819,0
TAN‚ÜíKEN,Tanzania,Kenya,2018,1,0.029866,0.170302,0.718429522093138,0.6761797876412246,0.7015296283123726,1,1,1,1,1,1,1,0.918864,0.2383,0.393843,0.00319,0.001256,0
TAN‚ÜíKEN,Tanzania,Kenya,2018,2,-0.344631,-0.016946,0.6765038858250255,0.7066974319445098,0.6885813042728193,1,1,1,1,1,1,0,0.918864,0.2383,0.312736,0.0,0.0,0
TAN‚ÜíKEN,Tanzania,Kenya,2018,3,0.076678,-0.079362,0.7074357809390942,0.6926801390869383,0.7015335241982319,1,1,1,1,1,1,1,0.918864,0.2383,0.417472,0.00819,0.003419,0
TAN‚ÜíKEN,Tanzania,Kenya,2018,4,-0.672315,-0.313423,0.6963404091050854,0.6953451865583553,0.6959423200863933,1,1,1,1,1,1,0,0.918864,0.2383,0.43731,0.0,0.0,0
TAN‚ÜíKEN,Tanzania,Kenya,2018,5,1.434229,0.279531,0.7520142679684675,0.668176355330252,0.7184791029131813,1,1,1,1,1,1,1,0.918864,0.2383,0.46794,0.15319,0.071684,0
TAN‚ÜíKEN,Tanzania,Kenya,2018,6,0.497987,0.419967,0.8077332281242148,0.6832691596927662,0.7579476007516354,1,1,1,1,1,1,1,0.918864,0.2383,0.6,0.05319,0.031914,0
TAN‚ÜíKEN,Tanzania,Kenya,2018,7,-0.204194,0.576007,0.8196372174944655,0.7102544985590119,0.7758841299202841,1,1,1,1,1,1,0,0.918864,0.2383,0.6,0.0,0.0,0
TAN‚ÜíKEN,Tanzania,Kenya,2018,8,0.310739,0.20151,0.7910675667178007,0.6965815186448104,0.7532731474886045,1,1,1,1,1,1,1,0.918864,0.2383,0.6,0.03319,0.019914,0
TAN‚ÜíKEN,Tanzania,Kenya,2018,9,0.919296,0.341947,0.8017812334390895,0.6905888971404687,0.7573042989196412,1,1,1,1,1,1,1,0.918864,0.2383,0.6,0.09819,0.058914,0
TAN‚ÜíKEN,Tanzania,Kenya,2018,10,1.434229,0.888088,0.8434452725230298,0.6942057636208875,0.7837494689621729,1,1,1,1,1,1,1,0.918864,0.2383,0.6,0.15319,0.091914,0
TAN‚ÜíKEN,Tanzania,Kenya,2018,11,1.995974,1.449833,0.8862997105439955,0.6935666697938357,0.8092064942439317,1,1,1,1,1,1,1,0.918864,0.2383,0.6,0.21319,0.127914,0
TAN‚ÜíKEN,Tanzania,Kenya,2018,12,0.732048,1.387417,0.8815381147958952,0.7402227441171949,0.825011966524415,1,1,1,1,1,1,1,0.918864,0.2383,0.6,0.07819,0.046914,0
TAN‚ÜíKEN,Tanzania,Kenya,2019,1,2.089598,1.605873,0.8799122171858128,0.6937125100412319,0.8054323343279804,1,1,1,1,1,1,1,0.918864,0.2383,0.546327,0.22319,0.121935,0
TAN‚ÜíKEN,Tanzania,Kenya,2019,2,0.685235,1.16896,0.8419843295371846,0.7339379616015244,0.7987657823629206,1,1,1,1,1,1,1,0.918864,0.2383,0.532839,0.07319,0.038998,0
TAN‚ÜíKEN,Tanzania,Kenya,2019,3,0.825672,1.200169,0.8193512014861875,0.7395294510695144,0.7874225013195182,1,1,1,1,1,1,1,0.918864,0.2383,0.45944,0.08819,0.040518,0
TAN‚ÜíKEN,Tanzania,Kenya,2019,4,0.732048,0.747652,0.8080608603046097,0.7177731023879702,0.7719457571379539,1,1,1,1,1,1,1,0.918864,0.2383,0.527608,0.07819,0.041254,0
TAN‚ÜíKEN,Tanzania,Kenya,2019,5,1.761914,1.106544,0.8386901964729037,0.6840528401124815,0.7768352539287348,1,1,1,1,1,1,1,0.918864,0.2383,0.537145,0.18819,0.101085,0
TAN‚ÜíKEN,Tanzania,Kenya,2019,6,0.77886,1.09094,0.8589204587043557,0.705994824190332,0.7977502048987462,1,1,1,1,1,1,1,0.918864,0.2383,0.6,0.08319,0.049914,0
TAN‚ÜíKEN,Tanzania,Kenya,2019,7,1.340605,1.293793,0.8743957211737446,0.6843946978233958,0.7983953118336051,1,1,1,1,1,1,1,0.918864,0.2383,0.6,0.14319,0.085914,0
TAN‚ÜíKEN,Tanzania,Kenya,2019,8,1.059732,1.059732,0.8565396608303055,0.6907529915893803,0.7902249931339355,1,1,1,1,1,1,1,0.918864,0.2383,0.6,0.11319,0.067914,0
TAN‚ÜíKEN,Tanzania,Kenya,2019,9,0.591611,0.997316,0.8517780650822054,0.7004638081938898,0.7912523623268792,1,1,1,1,1,1,1,0.918864,0.2383,0.6,0.06319,0.037914,0
TAN‚ÜíKEN,Tanzania,Kenya,2019,10,0.544799,0.732048,0.8315412831527793,0.6953507483550759,0.777065069233698,1,1,1,1,1,1,1,0.918864,0.2383,0.6,0.05819,0.034914,0
TAN‚ÜíKEN,Tanzania,Kenya,2019,11,0.966108,0.700839,0.829160408990666,0.6750813227948831,0.7675287745123528,1,1,1,1,1,1,1,0.918864,0.2383,0.6,0.10319,0.061914,0
TAN‚ÜíKEN,Tanzania,Kenya,2019,12,0.966108,0.825672,0.8386836767749296,0.6758803154442133,0.773562332242643,1,1,1,1,1,1,1,0.918864,0.2383,0.6,0.10319,0.061914,0
TAN‚ÜíKEN,Tanzania,Kenya,2020,1,-0.906376,0.341947,0.9229920834661908,0.7115580552389383,0.8384184721752898,1,1,1,1,1,1,0,0.918864,0.2383,0.955671,0.0,0.0,0
TAN‚ÜíKEN,Tanzania,Kenya,2020,2,0.966108,0.341947,0.9191598452219853,0.6892239142616124,0.8271854728378362,1,1,1,1,1,1,1,0.918864,0.2383,0.944426,0.10319,0.097455,0
TAN‚ÜíKEN,Tanzania,Kenya,2020,3,-1.0,-0.313423,0.8676324275571713,0.702011884889425,0.8013842104900728,1,1,1,1,1,1,0,0.918864,0.2383,0.939935,0.0,0.0,0
TAN‚ÜíKEN,Tanzania,Kenya,2020,4,0.217115,0.061074,0.8965285598134225,0.702570519325461,0.8189453436182379,1,1,1,1,1,1,1,0.918864,0.2383,0.940893,0.02319,0.021819,0
TAN‚ÜíKEN,Tanzania,Kenya,2020,5,-0.438255,-0.407047,0.8637800675508109,0.6738564818964515,0.7878106332890672,1,1,1,1,1,1,0,0.918864,0.2383,0.949589,0.0,0.0,0
TAN‚ÜíKEN,Tanzania,Kenya,2020,6,-0.672315,-0.297819,0.8892926699924796,0.6591295764290557,0.79722743256711,1,1,1,1,1,1,0,0.918864,0.2383,1.0,0.0,0.0,0
TAN‚ÜíKEN,Tanzania,Kenya,2020,7,0.029866,-0.360235,0.8845310742443793,0.6661975487139611,0.797197664032212,1,1,1,1,1,1,1,0.918864,0.2383,1.0,0.00319,0.00319,0
TAN‚ÜíKEN,Tanzania,Kenya,2020,8,-0.157382,-0.26661,0.8916735441545929,0.671243316936971,0.8035014532675442,1,1,1,1,1,1,0,0.918864,0.2383,1.0,0.0,0.0,0
TAN‚ÜíKEN,Tanzania,Kenya,2020,9,1.340605,0.404363,0.9428607747347338,0.6559583991638258,0.8280998245063707,1,1,1,1,1,1,1,0.918864,0.2383,1.0,0.14319,0.14319,0
TAN‚ÜíKEN,Tanzania,Kenya,2020,10,0.966108,0.716444,0.9666688297632982,0.6791319841545921,0.8516540915198156,1,1,1,1,1,1,1,0.918864,0.2383,1.0,0.10319,0.10319,0
TAN‚ÜíKEN,Tanzania,Kenya,2020,11,-0.063758,0.747652,0.9690496276373483,0.7247247602391553,0.871319680678071,1,1,1,1,1,1,0,0.918864,0.2383,1.0,0.0,0.0,0
TAN‚ÜíKEN,Tanzania,Kenya,2020,12,0.966108,0.622819,0.9595263598530848,0.7029781797834426,0.8569070878252278,1,1,1,1,1,1,1,0.918864,0.2383,1.0,0.10319,0.10319,0
TAN‚ÜíKEN,Tanzania,Kenya,2021,1,-0.157382,0.248323,0.8665404217857188,0.7859278539348227,0.8342953946453603,1,1,1,1,1,1,0,0.918864,0.2383,0.810982,0.0,0.0,0
TAN‚ÜíKEN,Tanzania,Kenya,2021,2,0.076678,0.295135,0.8716336084588323,0.7895645592026908,0.8388059887563757,1,1,1,1,1,1,1,0.918864,0.2383,0.815448,0.00819,0.006679,0
TAN‚ÜíKEN,Tanzania,Kenya,2021,3,0.310739,0.076678,0.8591696069290574,0.7748406310637217,0.8254380165829232,1,1,1,1,1,1,1,0.918864,0.2383,0.827777,0.03319,0.027474,0
TAN‚ÜíKEN,Tanzania,Kenya,2021,4,0.217115,0.20151,0.8749099191268177,0.7739965863451407,0.8345445860141469,1,1,1,1,1,1,1,0.918864,0.2383,0.84602,0.02319,0.019619,0
TAN‚ÜíKEN,Tanzania,Kenya,2021,5,0.357551,0.295135,0.8919933752160859,0.7667154167406995,0.8418821918259314,1,1,1,1,1,1,1,0.918864,0.2383,0.87519,0.03819,0.033423,0
TAN‚ÜíKEN,Tanzania,Kenya,2021,6,1.01292,0.529195,0.9523839662309342,0.7215991748824185,0.8600700496915279,1,1,1,1,1,1,1,0.918864,0.2383,1.0,0.10819,0.10819,0
TAN‚ÜíKEN,Tanzania,Kenya,2021,7,0.497987,0.622819,0.9595263598530848,0.7508054835447282,0.8760380093297422,1,1,1,1,1,1,1,0.918864,0.2383,1.0,0.05319,0.05319,0
TAN‚ÜíKEN,Tanzania,Kenya,2021,8,1.246981,0.919296,0.982144015944624,0.7301118418064315,0.881331146289347,1,1,1,1,1,1,1,0.918864,0.2383,1.0,0.13319,0.13319,0
TAN‚ÜíKEN,Tanzania,Kenya,2021,9,1.01292,0.919296,0.982144015944624,0.7476413036463139,0.8883429310252999,1,1,1,1,1,1,1,0.918864,0.2383,1.0,0.10819,0.10819,0
TAN‚ÜíKEN,Tanzania,Kenya,2021,10,1.200169,1.153356,1.0,0.7492111020024614,0.8996844408009845,1,1,1,1,1,1,1,0.918864,0.2383,1.0,0.12819,0.12819,0
TAN‚ÜíKEN,Tanzania,Kenya,2021,11,1.293793,1.16896,0.975047684134781,0.7691034499403393,0.8926699904570043,1,1,1,1,1,1,1,0.918864,0.2383,0.923289,0.13819,0.127589,0
TAN‚ÜíKEN,Tanzania,Kenya,2021,12,0.966108,1.153356,0.9746663322045805,0.7829302904601195,0.8979719155067961,1,1,1,1,1,1,1,0.918864,0.2383,0.925663,0.10319,0.095519,0
TAN‚ÜíKEN,Tanzania,Kenya,2022,1,0.170302,0.810068,0.8124305419592608,0.8191635503843646,0.8151237453293023,1,1,1,1,1,1,1,0.918864,0.2383,0.526458,0.01819,0.009576,0
TAN‚ÜíKEN,Tanzania,Kenya,2022,2,-0.063758,0.357551,0.7745384352938078,0.8295870031875103,0.7965578624512888,1,1,1,1,1,1,0,0.918864,0.2383,0.516568,0.0,0.0,0
TAN‚ÜíZAM,Tanzania,Zambia,2016,1,-1.956601,,0.33663610220049933,0.665574303814045,0.4682113828459176,4,1,1,1,0,0,0,0.849907,0.4266,,0.0,,0
TAN‚ÜíZAM,Tanzania,Zambia,2016,2,-2.208338,-2.082469,0.3270338762708998,0.6392422484909164,0.4519172251589064,4,1,1,1,0,0,0,0.849907,0.4266,,0.0,,0
TAN‚ÜíZAM,Tanzania,Zambia,2016,3,-1.906253,-2.02373,0.33151496081088416,0.613389240658498,0.4442646727499297,4,1,1,1,0,0,0,0.849907,0.4266,,0.0,,0
TAN‚ÜíZAM,Tanzania,Zambia,2016,4,-1.755211,-1.956601,0.33663610220049933,0.6279930962162329,0.45317889980679277,4,1,1,1,0,0,0,0.849907,0.4266,,0.0,,0
TAN‚ÜíZAM,Tanzania,Zambia,2016,5,-2.258685,-1.973383,0.33535583592511137,0.5988388284134684,0.4407490329204542,4,1,1,1,0,0,0,0.849907,0.4266,,0.0,,0
TAN‚ÜíZAM,Tanzania,Zambia,2016,6,-2.208338,-2.074078,0.600309900503682,0.6025727057259708,0.6012150225925976,3,1,1,1,0,1,0,0.849907,0.4266,0.8,0.0,0.0,0
TAN‚ÜíZAM,Tanzania,Zambia,2016,7,-1.981774,-2.149599,0.5602035841024698,0.6366400128891988,0.5907781556171614,3,1,1,1,0,1,0,0.849907,0.4266,0.699221,0.0,0.0,0
TAN‚ÜíZAM,Tanzania,Zambia,2016,8,-1.855906,-2.015339,0.5774762767045772,0.6478617542101466,0.605630467706805,3,1,1,1,0,1,0,0.849907,0.4266,0.71985,0.0,0.0,0
TAN‚ÜíZAM,Tanzania,Zambia,2016,9,-1.780385,-1.872688,0.5926133282781668,0.6535134090821928,0.6169733605997771,2,1,1,1,0,1,0,0.849907,0.4266,0.732334,0.0,0.0,0
TAN‚ÜíZAM,Tanzania,Zambia,2016,10,-1.805558,-1.81395,0.6201545617886383,0.6417621174613298,0.6287975840577149,2,1,1,1,0,1,0,0.849907,0.4266,0.8,0.0,0.0,0
TAN‚ÜíZAM,Tanzania,Zambia,2016,11,-1.604169,-1.730037,0.6265561220297677,0.6622644754825402,0.6408394634108767,2,1,1,1,0,1,0,0.849907,0.4266,0.8,0.0,0.0,0
TAN‚ÜíZAM,Tanzania,Zambia,2016,12,-1.805558,-1.738428,0.6051527210159996,0.6669904491213414,0.6298878122581364,2,1,1,1,0,1,0,0.849907,0.4266,0.739074,0.0,0.0,0
TAN‚ÜíZAM,Tanzania,Zambia,2017,1,-1.956601,-1.788776,0.6348057704244687,0.6712777355769184,0.6493945564854486,3,1,1,1,0,1,0,0.849907,0.4266,0.837356,0.0,0.0,1
TAN‚ÜíZAM,Tanzania,Zambia,2017,2,-2.35938,-2.040513,0.6446076563205405,0.649525632417539,0.64657484675934,3,1,1,1,0,1,0,0.849907,0.4266,0.92247,0.0,0.0,1
TAN‚ÜíZAM,Tanzania,Zambia,2017,3,-2.661464,-2.325815,0.6204910347737441,0.6375613398275245,0.6273191567952563,3,1,1,1,0,1,0,0.849907,0.4266,0.91557,0.0,0.0,0
TAN‚ÜíZAM,Tanzania,Zambia,2017,4,-2.862854,-2.627899,0.5751460603898597,0.6317475237007633,0.5977866457142211,3,1,1,1,0,1,0,0.849907,0.4266,0.850136,0.0,0.0,0
TAN‚ÜíZAM,Tanzania,Zambia,2017,5,-3.31598,-2.946766,0.5764433171997633,0.5683070711111111,0.5731888187643024,3,1,1,1,0,1,0,0.849907,0.4266,0.925322,0.0,0.0,0
TAN‚ÜíZAM,Tanzania,Zambia,2017,6,-2.988722,-3.055852,0.5935712363895504,0.5631881777001372,0.5814180129137851,3,1,1,1,0,1,0,0.849907,0.4266,1.0,0.0,0.0,0
TAN‚ÜíZAM,Tanzania,Zambia,2017,7,-3.03907,-3.114591,0.5890901518495661,0.560823421738728,0.5777834598052309,3,1,1,1,0,1,0,0.849907,0.4266,1.0,0.0,0.0,0
TAN‚ÜíZAM,Tanzania,Zambia,2017,8,-2.510422,-2.846071,0.6095750225602795,0.602282946690842,0.6066581922125045,3,1,1,1,0,1,0,0.849907,0.4266,1.0,0.0,0.0,0
TAN‚ÜíZAM,Tanzania,Zambia,2017,9,-2.661464,-2.736985,0.6178969822144911,0.6015724420330762,0.6113671661419251,3,1,1,1,0,1,0,0.849907,0.4266,1.0,0.0,0.0,0
TAN‚ÜíZAM,Tanzania,Zambia,2017,10,-2.560769,-2.577552,0.6300598169829298,0.618721455671836,0.6255244724584923,3,1,1,1,0,1,0,0.849907,0.4266,1.0,0.0,0.0,0
TAN‚ÜíZAM,Tanzania,Zambia,2017,11,-2.63629,-2.619508,0.6268590750063965,0.6245608967779899,0.6259398037150339,3,1,1,1,0,1,0,0.849907,0.4266,1.0,0.0,0.0,0
TAN‚ÜíZAM,Tanzania,Zambia,2017,12,-2.309032,-2.502031,0.6358211677983021,0.6582290716119306,0.6447843293237535,3,1,1,1,0,1,0,0.849907,0.4266,1.0,0.0,0.0,0
TAN‚ÜíZAM,Tanzania,Zambia,2018,1,-2.258685,-2.401336,0.4369278020166629,0.7154591505807956,0.548340341442316,3,1,1,1,0,1,0,0.849907,0.4266,0.393843,0.0,0.0,0
TAN‚ÜíZAM,Tanzania,Zambia,2018,2,-2.460075,-2.342597,0.4137680375328355,0.738827494815409,0.5437918204458649,3,1,1,1,0,1,0,0.849907,0.4266,0.312736,0.0,0.0,0
TAN‚ÜíZAM,Tanzania,Zambia,2018,3,-2.35938,-2.35938,0.4481811858315534,0.7330372905654504,0.5621236277251123,3,1,1,1,0,1,0,0.849907,0.4266,0.417472,0.0,0.0,0
TAN‚ÜíZAM,Tanzania,Zambia,2018,4,-2.35938,-2.392945,0.45238126550214464,0.7272640168225234,0.5623343660302962,3,1,1,1,0,1,0,0.849907,0.4266,0.43731,0.0,0.0,0
TAN‚ÜíZAM,Tanzania,Zambia,2018,5,-2.15799,-2.29225,0.4705016386989653,0.7265425406251858,0.5729179994694534,3,1,1,1,0,1,0,0.849907,0.4266,0.46794,0.0,0.0,0
TAN‚ÜíZAM,Tanzania,Zambia,2018,6,-1.881079,-2.132816,0.5276699194779888,0.6834001725598602,0.5899620207107374,3,1,1,1,0,1,0,0.849907,0.4266,0.6,0.0,0.0,0
TAN‚ÜíZAM,Tanzania,Zambia,2018,7,-1.855906,-1.964992,0.5404728873841215,0.6855146259684142,0.5984895828178385,3,1,1,1,0,1,0,0.849907,0.4266,0.6,0.0,0.0,0
TAN‚ÜíZAM,Tanzania,Zambia,2018,8,-1.704864,-1.81395,0.5519955890148662,0.6973524191579944,0.6101383210721174,2,1,1,1,0,1,0,0.849907,0.4266,0.6,0.0,0.0,0
TAN‚ÜíZAM,Tanzania,Zambia,2018,9,-1.704864,-1.755211,0.5564766735548505,0.6967883796399562,0.6126013559888928,2,1,1,1,0,1,0,0.849907,0.4266,0.6,0.0,0.0,0
TAN‚ÜíZAM,Tanzania,Zambia,2018,10,-1.402779,-1.604169,0.5679993751855952,0.7168523746519764,0.6275405749721477,2,1,1,1,0,1,0,0.849907,0.4266,0.6,0.0,0.0,0
TAN‚ÜíZAM,Tanzania,Zambia,2018,11,-1.453127,-1.520256,0.5744009354267247,0.7133288968425414,0.6299721199930514,2,1,1,1,0,1,0,0.849907,0.4266,0.6,0.0,0.0,0
TAN‚ÜíZAM,Tanzania,Zambia,2018,12,-1.352432,-1.402779,0.5833630282186303,0.7174496270649457,0.6369976677571565,2,1,1,1,0,1,0,0.849907,0.4266,0.6,0.0,0.0,0
TAN‚ÜíZAM,Tanzania,Zambia,2019,1,-1.503474,-1.436344,0.5625109366513578,0.6838219278859842,0.6110353331452083,2,1,1,1,0,1,0,0.849907,0.4266,0.546327,0.0,0.0,0
TAN‚ÜíZAM,Tanzania,Zambia,2019,2,-1.352432,-1.402779,0.5604749043663337,0.7046361482775907,0.6181394019308366,2,1,1,1,0,1,0,0.849907,0.4266,0.532839,0.0,0.0,0
TAN‚ÜíZAM,Tanzania,Zambia,2019,3,-1.20139,-1.352432,0.5393017772674504,0.7325506110552376,0.6166013107825652,2,1,1,1,0,1,0,0.849907,0.4266,0.45944,0.0,0.0,1
TAN‚ÜíZAM,Tanzania,Zambia,2019,4,-1.327258,-1.293693,0.5670141660876472,0.7137432263726616,0.625705790201653,2,1,1,1,0,1,0,0.849907,0.4266,0.527608,0.0,0.0,1
TAN‚ÜíZAM,Tanzania,Zambia,2019,5,-1.453127,-1.327258,0.5677037178655254,0.7026613322509028,0.6216867636196763,2,1,1,1,0,1,0,0.849907,0.4266,0.537145,0.0,0.0,0
TAN‚ÜíZAM,Tanzania,Zambia,2019,6,-1.704864,-1.495083,0.5763213348398067,0.6660013383757404,0.6121933362541803,2,1,1,1,0,1,0,0.849907,0.4266,0.6,0.0,0.0,0
TAN‚ÜíZAM,Tanzania,Zambia,2019,7,-1.604169,-1.587386,0.5692797177490464,0.6662894125914927,0.6080835956860249,2,1,1,1,0,1,0,0.849907,0.4266,0.6,0.0,0.0,1
TAN‚ÜíZAM,Tanzania,Zambia,2019,8,-1.654516,-1.654516,0.5641585000713681,0.6579029037468059,0.6016562615415433,2,1,1,1,0,1,0,0.849907,0.4266,0.6,0.0,0.0,1
TAN‚ÜíZAM,Tanzania,Zambia,2019,9,-1.604169,-1.620951,0.5667191089102073,0.654735779570049,0.601925777174144,2,1,1,1,0,1,0,0.849907,0.4266,0.6,0.0,0.0,1
TAN‚ÜíZAM,Tanzania,Zambia,2019,10,-1.704864,-1.654516,0.5641585000713681,0.6426110397070464,0.5955395159256394,2,1,1,1,0,1,0,0.849907,0.4266,0.6,0.0,0.0,1
TAN‚ÜíZAM,Tanzania,Zambia,2019,11,-1.805558,-1.704864,0.5603175486690778,0.6303698247570734,0.588338459104276,2,1,1,1,0,1,0,0.849907,0.4266,0.6,0.0,0.0,1
TAN‚ÜíZAM,Tanzania,Zambia,2019,12,-1.654516,-1.721646,0.5590372823936898,0.6371249728090179,0.5902723585598211,2,1,1,1,0,1,0,0.849907,0.4266,0.6,0.0,0.0,1
TAN‚ÜíZAM,Tanzania,Zambia,2020,1,-1.855906,-1.771993,0.6764072573065638,0.5352547267650682,0.6199462450899655,2,1,1,1,0,1,0,0.849907,0.4266,0.955671,0.0,0.0,0
TAN‚ÜíZAM,Tanzania,Zambia,2020,2,-1.654516,-1.721646,0.6764158941765857,0.5719229284180213,0.63461870787316,2,1,1,1,0,1,0,0.849907,0.4266,0.944426,0.0,0.0,0
TAN‚ÜíZAM,Tanzania,Zambia,2020,3,-1.755211,-1.755211,0.6723247756041114,0.5855670065759212,0.6376216679928353,2,1,1,1,0,1,0,0.849907,0.4266,0.939935,0.0,0.0,0
TAN‚ÜíZAM,Tanzania,Zambia,2020,4,-1.956601,-1.788776,0.6700906482448585,0.5911052547483168,0.6384964908462418,2,1,1,1,0,1,0,0.849907,0.4266,0.940893,0.0,0.0,0
TAN‚ÜíZAM,Tanzania,Zambia,2020,5,-2.183164,-1.964992,0.6596110230491724,0.5905410871679072,0.6319830486966663,3,1,1,1,0,1,0,0.849907,0.4266,0.949589,0.0,0.0,0
TAN‚ÜíZAM,Tanzania,Zambia,2020,6,-2.35938,-2.166381,0.6614272561866936,0.5837134063247909,0.6303417162419325,3,1,1,1,0,1,0,0.849907,0.4266,1.0,0.0,0.0,0
TAN‚ÜíZAM,Tanzania,Zambia,2020,7,-2.35938,-2.300641,0.651184820831337,0.5933397738630618,0.628046802044027,3,1,1,1,0,1,0,0.849907,0.4266,1.0,0.0,0.0,0
TAN‚ÜíZAM,Tanzania,Zambia,2020,8,-2.208338,-2.309032,0.6505446876936428,0.6128157766341402,0.6354531232698417,3,1,1,1,0,1,0,0.849907,0.4266,1.0,0.0,0.0,0
TAN‚ÜíZAM,Tanzania,Zambia,2020,9,-2.258685,-2.275467,0.6531052965324822,0.620046580867182,0.6398818102663621,3,1,1,1,0,1,0,0.849907,0.4266,1.0,0.0,0.0,0
TAN‚ÜíZAM,Tanzania,Zambia,2020,10,-1.981774,-2.149599,0.6627075224620816,0.6505603423821922,0.6578486504301259,3,1,1,1,0,1,0,0.849907,0.4266,1.0,0.0,0.0,0
TAN‚ÜíZAM,Tanzania,Zambia,2020,11,-2.15799,-2.132816,0.6639878650255328,0.651606987334715,0.6590355139492057,3,1,1,1,0,1,0,0.849907,0.4266,1.0,0.0,0.0,0
TAN‚ÜíZAM,Tanzania,Zambia,2020,12,-2.057295,-2.065687,0.6691090064151479,0.6722086967976896,0.6703488825681646,3,1,1,1,0,1,0,0.849907,0.4266,1.0,0.0,0.0,0
TAN‚ÜíZAM,Tanzania,Zambia,2021,1,-1.755211,-1.990165,0.6104540699398193,0.7640555926353775,0.6718946790180427,3,1,1,1,0,1,0,0.849907,0.4266,0.810982,0.0,0.0,0
TAN‚ÜíZAM,Tanzania,Zambia,2021,2,-1.830732,-1.881079,0.6202980194560691,0.7716914444729103,0.6808553894628055,2,1,1,1,0,1,0,0.849907,0.4266,0.815448,0.0,0.0,0
TAN‚ÜíZAM,Tanzania,Zambia,2021,3,-1.654516,-1.74682,0.6347420384000019,0.7910022069544747,0.697246105821791,2,1,1,1,0,1,0,0.849907,0.4266,0.827777,0.0,0.0,0
TAN‚ÜíZAM,Tanzania,Zambia,2021,4,-1.704864,-1.730037,0.6422395016650125,0.7905756352325771,0.7015739550920383,2,1,1,1,0,1,0,0.849907,0.4266,0.84602,0.0,0.0,0
TAN‚ÜíZAM,Tanzania,Zambia,2021,5,-1.251737,-1.537039,0.6669039314513451,0.8192099730409089,0.7278263480871706,2,1,1,1,0,1,0,0.849907,0.4266,0.87519,0.0,0.0,0
TAN‚ÜíZAM,Tanzania,Zambia,2021,6,-1.528648,-1.495083,0.7126392803873507,0.7884278311888696,0.7429547007079582,2,1,1,1,0,1,0,0.849907,0.4266,1.0,0.0,0.0,0
TAN‚ÜíZAM,Tanzania,Zambia,2021,7,-1.855906,-1.54543,0.7087984052731235,0.77101840670747,0.7336864058468622,2,1,1,1,0,1,0,0.849907,0.4266,1.0,0.0,0.0,0
TAN‚ÜíZAM,Tanzania,Zambia,2021,8,-1.251737,-1.54543,0.7087984052731235,0.8100627448350536,0.7493041410978956,2,1,1,1,0,1,0,0.849907,0.4266,1.0,0.0,0.0,0
TAN‚ÜíZAM,Tanzania,Zambia,2021,9,-1.276911,-1.461518,0.7151998892261899,0.8150405680081563,0.7551361607389764,2,1,1,1,0,1,0,0.849907,0.4266,1.0,0.0,0.0,0
TAN‚ÜíZAM,Tanzania,Zambia,2021,10,-1.176216,-1.234955,0.7324839416723069,0.8296174458164595,0.771337343329968,2,1,1,1,0,1,0,0.849907,0.4266,1.0,0.0,0.0,0
TAN‚ÜíZAM,Tanzania,Zambia,2021,11,-1.251737,-1.234955,0.7063412268700627,0.8439095445903997,0.7613685539581976,2,1,1,1,0,1,0,0.849907,0.4266,0.923289,0.0,0.0,0
TAN‚ÜíZAM,Tanzania,Zambia,2021,12,-1.251737,-1.226563,0.7077904833026446,0.8482102522345955,0.7639583908754249,2,1,1,1,0,1,0,0.849907,0.4266,0.925663,0.0,0.0,0
TAN‚ÜíZAM,Tanzania,Zambia,2022,1,-1.578995,-1.360823,0.5615010343165197,0.9285789490594885,0.7083322002137071,2,1,1,1,0,1,0,0.849907,0.4266,0.526458,0.0,0.0,0
TAN‚ÜíZAM,Tanzania,Zambia,2022,2,-1.528648,-1.453127,0.5510888797340332,0.9427617602400054,0.7077580319364221,2,1,1,1,0,1,0,0.849907,0.4266,0.516568,0.0,0.0,0
TAN‚ÜíZAM,Tanzania,Zambia,2022,3,-1.604169,-1.570604,0.5421560953004203,0.9371720227979471,0.700162466299431,1,1,1,1,1,1,0,0.849907,0.4266,0.516654,0.0,0.0,1
TAN‚ÜíZAM,Tanzania,Zambia,2022,4,-1.503474,-1.54543,0.5227489468309245,0.9488325455181009,0.6931823863057951,1,1,1,1,1,1,0,0.849907,0.4266,0.454072,0.0,0.0,1
TAN‚ÜíZAM,Tanzania,Zambia,2022,5,-1.4783,-1.528648,0.5528778391276754,0.9216316314597737,0.7003793560605147,1,1,1,1,1,1,0,0.849907,0.4266,0.538723,0.0,0.0,1
TAN‚ÜíZAM,Tanzania,Zambia,2022,6,-1.805558,-1.595778,0.5686395083232892,0.8498762422992809,0.6811342019136859,1,1,1,1,1,1,0,0.849907,0.4266,0.6,0.0,0.0,1
TAN‚ÜíZAM,Tanzania,Zambia,2022,7,-2.057295,-1.780385,0.5545561978537054,0.8262835177489187,0.6632471258117907,2,1,1,1,0,1,0,0.849907,0.4266,0.6,0.0,0.0,0
TAN‚ÜíZAM,Tanzania,Zambia,2022,8,-2.057295,-1.973383,0.5398327542464275,0.8157782933819162,0.6502109699006231,2,1,1,1,0,1,0,0.849907,0.4266,0.6,0.0,0.0,0
ZAM‚ÜíKEN,Zambia,Kenya,2013,1,0.956373,,0.24658367674529957,0.5370404549671469,0.0,1,0,1,0,1,1,0,0.461531,0.8667,,0.29331,,0
ZAM‚ÜíKEN,Zambia,Kenya,2013,2,0.41837,0.687372,0.22606211147622243,0.5620997415552252,0.0,1,0,1,0,1,1,0,0.461531,0.8667,,0.12831,,0
ZAM‚ÜíKEN,Zambia,Kenya,2013,3,0.20643,0.527058,0.21383206692416937,0.6316026091436254,0.0,1,0,1,0,1,1,0,0.461531,0.8667,,0.06331,,0
ZAM‚ÜíKEN,Zambia,Kenya,2013,4,0.548795,0.391198,0.2034675706678104,0.6313975232431531,0.0,1,0,1,0,1,1,0,0.461531,0.8667,,0.16831,,0
ZAM‚ÜíKEN,Zambia,Kenya,2013,5,0.744432,0.499886,0.21175916767289757,0.6317089159858218,0.0,1,0,1,0,1,1,0,0.461531,0.8667,,0.22831,,0
ZAM‚ÜíKEN,Zambia,Kenya,2013,6,-0.119632,0.391198,0.4761034617628984,0.622107683051208,0.0,1,0,1,0,1,1,0,0.461531,0.8667,0.8,0.0,0.0,0
ZAM‚ÜíKEN,Zambia,Kenya,2013,7,0.076005,0.233602,0.464080768166423,0.6162791565303147,0.0,1,0,1,0,1,1,0,0.461531,0.8667,0.8,0.02331,0.018648,0
ZAM‚ÜíKEN,Zambia,Kenya,2013,8,0.988979,0.315117,0.47029938963217527,0.6216404558464265,0.0,1,0,1,0,1,1,0,0.461531,0.8667,0.8,0.30331,0.242648,0
ZAM‚ÜíKEN,Zambia,Kenya,2013,9,-0.250057,0.271642,0.466982766087753,0.6053819293789908,0.0,1,0,1,0,1,1,0,0.461531,0.8667,0.8,0.0,0.0,0
ZAM‚ÜíKEN,Zambia,Kenya,2013,10,0.353158,0.364027,0.47403063879968976,0.6274351162030842,0.0,1,0,1,0,1,1,0,0.461531,0.8667,0.8,0.10831,0.086648,0
ZAM‚ÜíKEN,Zambia,Kenya,2013,11,0.402067,0.168389,0.45910579470575813,0.6202915874901233,0.0,1,0,1,0,1,1,0,0.461531,0.8667,0.8,0.12331,0.098648,0
ZAM‚ÜíKEN,Zambia,Kenya,2013,12,0.304249,0.353158,0.4732014638415685,0.629717006293856,0.0,1,0,1,0,1,1,0,0.461531,0.8667,0.8,0.09331,0.074648,0
ZAM‚ÜíKEN,Zambia,Kenya,2014,1,0.076005,0.260774,0.5090290692410363,0.5652978586885555,0.0,1,0,1,0,1,1,0,0.461531,0.8667,0.92581,0.02331,0.021581,0
ZAM‚ÜíKEN,Zambia,Kenya,2014,2,0.141218,0.173824,0.49902195299988994,0.5732343099147196,0.0,1,0,1,0,1,1,0,0.461531,0.8667,0.91591,0.04331,0.039668,0
ZAM‚ÜíKEN,Zambia,Kenya,2014,3,-0.217451,-7.6e-05,0.48579805818018457,0.5684698307455319,0.0,1,0,1,0,1,1,0,0.461531,0.8667,0.916035,0.0,0.0,0
ZAM‚ÜíKEN,Zambia,Kenya,2014,4,0.336855,0.086874,0.49476609088139456,0.5945742386827123,0.0,1,0,1,0,1,1,0,0.461531,0.8667,0.922886,0.10331,0.095343,0
ZAM‚ÜíKEN,Zambia,Kenya,2014,5,0.271642,0.130349,0.5033268657910309,0.5899475495044364,0.0,1,0,1,0,1,1,0,0.461531,0.8667,0.938274,0.08331,0.078168,0
ZAM‚ÜíKEN,Zambia,Kenya,2014,6,0.239036,0.282511,0.5359709138196465,0.5871364996180343,0.0,1,0,1,0,1,1,0,0.461531,0.8667,1.0,0.07331,0.07331,0
ZAM‚ÜíKEN,Zambia,Kenya,2014,7,-0.217451,0.097743,0.5218753209718993,0.5860431129080177,0.0,1,0,1,0,1,1,0,0.461531,0.8667,1.0,0.0,0.0,0
ZAM‚ÜíKEN,Zambia,Kenya,2014,8,0.369461,0.130349,0.5243627695582,0.5948280002639487,0.0,1,0,1,0,1,1,0,0.461531,0.8667,1.0,0.11331,0.11331,0
ZAM‚ÜíKEN,Zambia,Kenya,2014,9,0.695523,0.282511,0.5359709138196465,0.6102448754865256,0.0,1,0,1,0,1,1,0,0.461531,0.8667,1.0,0.21331,0.21331,0
ZAM‚ÜíKEN,Zambia,Kenya,2014,10,0.239036,0.434673,0.5475790580810928,0.615637393720925,0.0,1,0,1,0,1,1,0,0.461531,0.8667,1.0,0.07331,0.07331,0
ZAM‚ÜíKEN,Zambia,Kenya,2014,11,0.076005,0.336855,0.5080908557849777,0.6402955660718755,0.0,1,0,1,0,1,1,0,0.461531,0.8667,0.906026,0.02331,0.021119,0
ZAM‚ÜíKEN,Zambia,Kenya,2014,12,-0.233754,0.027096,0.5164857981762051,0.6120893004899662,0.0,1,0,1,0,1,1,0,0.461531,0.8667,1.0,0.0,0.0,0
ZAM‚ÜíKEN,Zambia,Kenya,2015,1,0.190127,0.010793,0.3572308312759383,0.6324174381344305,0.0,1,0,1,0,1,1,0,0.461531,0.8667,0.536345,0.05831,0.031274,0
ZAM‚ÜíKEN,Zambia,Kenya,2015,2,0.076005,0.010793,0.31860820855881666,0.6326113539954249,0.0,1,0,1,0,1,1,0,0.461531,0.8667,0.423014,0.02331,0.00986,0
ZAM‚ÜíKEN,Zambia,Kenya,2015,3,-0.445694,-0.059854,0.3169169916258274,0.5981827625240324,0.0,1,0,1,0,1,1,0,0.461531,0.8667,0.433866,0.0,0.0,0
ZAM‚ÜíKEN,Zambia,Kenya,2015,4,-0.347876,-0.239188,0.330229627690434,0.5856576444027711,0.0,1,0,1,0,1,1,0,0.461531,0.8667,0.513074,0.0,0.0,0
ZAM‚ÜíKEN,Zambia,Kenya,2015,5,0.46728,-0.108763,0.34356427291164626,0.6072213521189441,0.0,1,0,1,0,1,1,0,0.461531,0.8667,0.523006,0.14331,0.074952,0
ZAM‚ÜíKEN,Zambia,Kenya,2015,6,-0.05442,0.021661,0.37975322700556885,0.6025334798492479,0.0,1,0,1,0,1,1,0,0.461531,0.8667,0.6,0.0,0.0,0
ZAM‚ÜíKEN,Zambia,Kenya,2015,7,-0.05442,0.11948,0.3872156490525347,0.5971805304463111,0.0,1,0,1,0,1,1,0,0.461531,0.8667,0.6,0.0,0.0,0
ZAM‚ÜíKEN,Zambia,Kenya,2015,8,0.043399,-0.021814,0.34135211302071145,0.6043332032861224,0.0,1,0,1,0,1,1,0,0.461531,0.8667,0.497051,0.01331,0.006616,0
ZAM‚ÜíKEN,Zambia,Kenya,2015,9,-0.021814,-0.010945,0.3772657784192679,0.5880298835038794,0.0,1,0,1,0,1,1,0,0.461531,0.8667,0.6,0.0,0.0,0
ZAM‚ÜíKEN,Zambia,Kenya,2015,10,0.320552,0.114046,0.3868010997175056,0.5734323497076333,0.0,1,0,1,0,1,1,0,0.461531,0.8667,0.6,0.09831,0.058986,0
ZAM‚ÜíKEN,Zambia,Kenya,2015,11,0.108611,0.135783,0.3884593733456852,0.5778828684785606,0.0,1,0,1,0,1,1,0,0.461531,0.8667,0.6,0.03331,0.019986,0
ZAM‚ÜíKEN,Zambia,Kenya,2015,12,-0.233754,0.065136,0.3830698505499911,0.5776508392558733,0.0,1,0,1,0,1,1,0,0.461531,0.8667,0.6,0.0,0.0,0
ZAM‚ÜíKEN,Zambia,Kenya,2016,1,0.027096,-0.032682,0.4358484496977313,0.5440241261115185,0.0,5,0,1,0,0,0,0,0.461531,0.8667,0.776766,0.00831,0.006455,0
ZAM‚ÜíKEN,Zambia,Kenya,2016,2,-0.087026,-0.097895,0.4288229135411675,0.5539456395893446,0.0,5,0,1,0,0,0,0,0.461531,0.8667,0.770749,0.0,0.0,0
ZAM‚ÜíKEN,Zambia,Kenya,2016,3,-0.201148,-0.087026,0.4289425535927138,0.5574312406787615,0.0,5,0,1,0,0,0,0,0.461531,0.8667,0.768667,0.0,0.0,0
ZAM‚ÜíKEN,Zambia,Kenya,2016,4,-0.934788,-0.407654,0.40486824427450724,0.47615721975389613,0.0,5,0,1,0,0,0,0,0.461531,0.8667,0.769799,0.0,0.0,0
ZAM‚ÜíKEN,Zambia,Kenya,2016,5,-0.282663,-0.472866,0.4017332985719334,0.5323958304903124,0.0,5,0,1,0,0,0,0,0.461531,0.8667,0.775198,0.0,0.0,0
ZAM‚ÜíKEN,Zambia,Kenya,2016,6,-0.119632,-0.445694,0.41225859203688064,0.5359580848272293,0.0,5,0,1,0,0,0,0,0.461531,0.8667,0.8,0.0,0.0,0
ZAM‚ÜíKEN,Zambia,Kenya,2016,7,-0.250057,-0.217451,0.42967080842905003,0.5328830390460192,0.0,5,0,1,0,0,0,0,0.461531,0.8667,0.8,0.0,0.0,0
ZAM‚ÜíKEN,Zambia,Kenya,2016,8,0.043399,-0.108763,0.4379624054341373,0.5455441078169446,0.0,5,0,1,0,0,0,0,0.461531,0.8667,0.8,0.01331,0.010648,0
ZAM‚ÜíKEN,Zambia,Kenya,2016,9,-0.26636,-0.157673,0.40621918163605797,0.5578997656132125,0.0,5,0,1,0,0,0,0,0.461531,0.8667,0.717804,0.0,0.0,0
ZAM‚ÜíKEN,Zambia,Kenya,2016,10,-0.250057,-0.157673,0.4080833295414206,0.566066796113092,0.0,5,0,1,0,0,0,0,0.461531,0.8667,0.723274,0.0,0.0,0
ZAM‚ÜíKEN,Zambia,Kenya,2016,11,-0.152238,-0.222885,0.429256259094021,0.5622143176351897,0.0,5,0,1,0,0,0,0,0.461531,0.8667,0.8,0.0,0.0,0
ZAM‚ÜíKEN,Zambia,Kenya,2016,12,-0.282663,-0.22832,0.4288416334709288,0.5532331958147005,0.0,5,0,1,0,0,0,0,0.461531,0.8667,0.8,0.0,0.0,0
ZAM‚ÜíKEN,Zambia,Kenya,2017,1,-0.26636,-0.233754,0.2781130343241254,0.9107374744641763,0.0,5,0,1,0,0,0,0,0.461531,0.8667,0.358931,0.0,0.0,0
ZAM‚ÜíKEN,Zambia,Kenya,2017,2,-0.282663,-0.277229,0.28147837567557993,0.9292102806405786,0.0,5,0,1,0,0,0,0,0.461531,0.8667,0.378538,0.0,0.0,0
ZAM‚ÜíKEN,Zambia,Kenya,2017,3,0.076005,-0.157673,0.29729398645142907,0.9572272870089064,0.0,5,0,1,0,0,0,0,0.461531,0.8667,0.398183,0.02331,0.009282,0
ZAM‚ÜíKEN,Zambia,Kenya,2017,4,0.20643,-7.6e-05,0.3171437919744437,0.9603136122548777,0.0,5,0,1,0,0,0,0,0.461531,0.8667,0.42115,0.06331,0.026663,0
ZAM‚ÜíKEN,Zambia,Kenya,2017,5,0.46728,0.249905,0.3475580561215947,0.9449888625475718,0.0,5,0,1,0,0,0,0,0.461531,0.8667,0.454436,0.14331,0.065125,1
ZAM‚ÜíKEN,Zambia,Kenya,2017,6,0.809645,0.494452,0.48398050943295645,0.9411316041186888,0.0,5,0,1,0,0,0,0,0.461531,0.8667,0.8,0.24831,0.198648,1
ZAM‚ÜíKEN,Zambia,Kenya,2017,7,0.597705,0.624876,0.49393030377816016,0.9163680132675659,0.0,5,0,1,0,0,0,0,0.461531,0.8667,0.8,0.18331,0.146648,0
ZAM‚ÜíKEN,Zambia,Kenya,2017,8,0.141218,0.516189,0.4856387830611361,0.9584677737339851,0.0,5,0,1,0,0,0,0,0.461531,0.8667,0.8,0.04331,0.034648,0
ZAM‚ÜíKEN,Zambia,Kenya,2017,9,0.141218,0.29338,0.46864111600399583,0.9504977675791484,0.0,5,0,1,0,0,0,0,0.461531,0.8667,0.8,0.04331,0.034648,0
ZAM‚ÜíKEN,Zambia,Kenya,2017,10,0.255339,0.179258,0.45993496966387953,0.9512863541508245,0.0,5,0,1,0,0,0,0,0.461531,0.8667,0.8,0.07831,0.062648,0
ZAM‚ÜíKEN,Zambia,Kenya,2017,11,0.483583,0.29338,0.46864111600399583,0.9519206562878517,0.0,5,0,1,0,0,0,0,0.461531,0.8667,0.8,0.14831,0.118648,0
ZAM‚ÜíKEN,Zambia,Kenya,2017,12,0.287945,0.342289,0.4723722888834471,0.9597220596345699,0.0,5,0,1,0,0,0,0,0.461531,0.8667,0.8,0.08831,0.070648,0
ZAM‚ÜíKEN,Zambia,Kenya,2018,1,0.173824,0.315117,0.3290361698150302,0.7124717146867038,0.0,5,0,1,0,0,0,0,0.461531,0.8667,0.385489,0.05331,0.02055,0
ZAM‚ÜíKEN,Zambia,Kenya,2018,2,0.173824,0.211864,0.3593006188023742,0.6948576556806209,0.0,5,0,1,0,0,0,0,0.461531,0.8667,0.497408,0.05331,0.026517,0
ZAM‚ÜíKEN,Zambia,Kenya,2018,3,0.255339,0.200996,0.35502778803292107,0.7035443790385377,0.0,5,0,1,0,0,0,0,0.461531,0.8667,0.487303,0.07831,0.038161,0
ZAM‚ÜíKEN,Zambia,Kenya,2018,4,-0.00551,0.141218,0.3495735352674205,0.7143731846879823,0.0,5,0,1,0,0,0,0,0.461531,0.8667,0.48468,0.0,0.0,0
ZAM‚ÜíKEN,Zambia,Kenya,2018,5,0.597705,0.282511,0.3634182951661097,0.6887611052510302,0.0,5,0,1,0,0,0,0,0.461531,0.8667,0.493676,0.18331,0.090496,0
ZAM‚ÜíKEN,Zambia,Kenya,2018,6,0.092308,0.228167,0.39550716976955874,0.6587520938689878,0.0,5,0,1,0,0,0,0,0.461531,0.8667,0.6,0.02831,0.016986,0
ZAM‚ÜíKEN,Zambia,Kenya,2018,7,-0.168542,0.173824,0.3913614475550783,0.652593445422847,0.0,5,0,1,0,0,0,0,0.461531,0.8667,0.6,0.0,0.0,0
ZAM‚ÜíKEN,Zambia,Kenya,2018,8,-0.087026,-0.05442,0.347218228137564,0.6663238951317637,0.0,5,0,1,0,0,0,0,0.461531,0.8667,0.521563,0.0,0.0,0
ZAM‚ÜíKEN,Zambia,Kenya,2018,9,0.124914,-0.043551,0.3747783298329671,0.64898618515253,0.0,5,0,1,0,0,0,0,0.461531,0.8667,0.6,0.03831,0.022986,0
ZAM‚ÜíKEN,Zambia,Kenya,2018,10,0.108611,0.048833,0.3818261262568406,0.6464137577051294,0.0,5,0,1,0,0,0,0,0.461531,0.8667,0.6,0.03331,0.019986,0
ZAM‚ÜíKEN,Zambia,Kenya,2018,11,0.336855,0.190127,0.3926051718482288,0.6432680817969049,0.0,5,0,1,0,0,0,0,0.461531,0.8667,0.6,0.10331,0.061986,0
ZAM‚ÜíKEN,Zambia,Kenya,2018,12,-0.168542,0.092308,0.38514274980126295,0.6441795273670433,0.0,5,0,1,0,0,0,0,0.461531,0.8667,0.6,0.0,0.0,0
ZAM‚ÜíKEN,Zambia,Kenya,2019,1,0.402067,0.190127,0.3656213753219562,0.6181957649283955,0.0,5,0,1,0,0,0,0,0.461531,0.8667,0.520821,0.12331,0.064222,0
ZAM‚ÜíKEN,Zambia,Kenya,2019,2,-0.184845,0.016227,0.31560799335787976,0.6321847037878164,0.0,5,0,1,0,0,0,0,0.461531,0.8667,0.412994,0.0,0.0,0
ZAM‚ÜíKEN,Zambia,Kenya,2019,3,-0.233754,-0.00551,0.30503929721898493,0.6290395783153384,0.0,5,0,1,0,0,0,0,0.461531,0.8667,0.386848,0.0,0.0,0
ZAM‚ÜíKEN,Zambia,Kenya,2019,4,-0.184845,-0.201148,0.32517747348906484,0.605480043350689,0.0,5,0,1,0,0,0,0,0.461531,0.8667,0.489734,0.0,0.0,0
ZAM‚ÜíKEN,Zambia,Kenya,2019,5,0.255339,-0.05442,0.3395530700594256,0.6030203587047351,0.0,5,0,1,0,0,0,0,0.461531,0.8667,0.499071,0.07831,0.039082,0
ZAM‚ÜíKEN,Zambia,Kenya,2019,6,0.076005,0.048833,0.3818261262568406,0.5849296740219471,0.0,5,0,1,0,0,0,0,0.461531,0.8667,0.6,0.02331,0.013986,0
ZAM‚ÜíKEN,Zambia,Kenya,2019,7,0.20643,0.179258,0.3917759968901074,0.591335731509024,0.0,5,0,1,0,0,0,0,0.461531,0.8667,0.6,0.06331,0.037986,0
ZAM‚ÜíKEN,Zambia,Kenya,2019,8,0.141218,0.141218,0.3888739989687775,0.5903912011701276,0.0,5,0,1,0,0,0,0,0.461531,0.8667,0.6,0.04331,0.025986,0
ZAM‚ÜíKEN,Zambia,Kenya,2019,9,-0.05442,0.097743,0.38555737542435514,0.5977041008974792,0.0,5,0,1,0,0,0,0,0.461531,0.8667,0.6,0.0,0.0,0
ZAM‚ÜíKEN,Zambia,Kenya,2019,10,-0.00551,0.027096,0.38016785262866104,0.6006264665592999,0.0,5,0,1,0,0,0,0,0.461531,0.8667,0.6,0.0,0.0,0
ZAM‚ÜíKEN,Zambia,Kenya,2019,11,0.20643,0.048833,0.3818261262568406,0.5893998962973359,0.0,5,0,1,0,0,0,0,0.461531,0.8667,0.6,0.06331,0.037986,0
ZAM‚ÜíKEN,Zambia,Kenya,2019,12,0.108611,0.103177,0.38597192475938424,0.5928466370496293,0.0,5,0,1,0,0,0,0,0.461531,0.8667,0.6,0.03331,0.019986,0
ZAM‚ÜíKEN,Zambia,Kenya,2020,1,-0.413088,-0.032682,0.5086527972608998,0.47699422517503726,0.0,5,0,1,0,0,0,0,0.461531,0.8667,0.990397,0.0,0.0,0
ZAM‚ÜíKEN,Zambia,Kenya,2020,2,0.108611,-0.065289,0.5053596333283498,0.5290218510135718,0.0,5,0,1,0,0,0,0,0.461531,0.8667,0.988033,0.03331,0.032911,0
ZAM‚ÜíKEN,Zambia,Kenya,2020,3,-0.510907,-0.271795,0.48939610172308046,0.49199837698377263,0.0,5,0,1,0,0,0,0,0.461531,0.8667,0.987418,0.0,0.0,0
ZAM‚ÜíKEN,Zambia,Kenya,2020,4,0.043399,-0.119632,0.4794265546718692,0.5590066168090291,0.0,5,0,1,0,0,0,0,0.461531,0.8667,0.924102,0.01331,0.0123,0
ZAM‚ÜíKEN,Zambia,Kenya,2020,5,-0.038117,-0.168542,0.4983717957461887,0.5228409057431005,0.0,5,0,1,0,0,0,0,0.461531,0.8667,0.990642,0.0,0.0,0
ZAM‚ÜíKEN,Zambia,Kenya,2020,6,-0.00551,-7.6e-05,0.5144128989249334,0.5262350609605713,0.0,5,0,1,0,0,0,0,0.461531,0.8667,1.0,0.0,0.0,0
ZAM‚ÜíKEN,Zambia,Kenya,2020,7,0.239036,0.065136,0.5193877960975352,0.5283528888084491,0.0,5,0,1,0,0,0,0,0.461531,0.8667,1.0,0.07331,0.07331,0
ZAM‚ÜíKEN,Zambia,Kenya,2020,8,0.076005,0.103177,0.5222898703069283,0.5439653669620726,0.0,5,0,1,0,0,0,0,0.461531,0.8667,1.0,0.02331,0.02331,0
ZAM‚ÜíKEN,Zambia,Kenya,2020,9,0.630311,0.315117,0.5384583624059474,0.5420030967431059,0.0,5,0,1,0,0,0,0,0.461531,0.8667,1.0,0.19331,0.19331,0
ZAM‚ÜíKEN,Zambia,Kenya,2020,10,0.320552,0.342289,0.5405312616572191,0.572672819062307,0.0,5,0,1,0,0,0,0,0.461531,0.8667,1.0,0.09831,0.09831,0
ZAM‚ÜíKEN,Zambia,Kenya,2020,11,0.076005,0.342289,0.5405312616572191,0.591007152112813,0.0,5,0,1,0,0,0,0,0.461531,0.8667,1.0,0.02331,0.02331,0
ZAM‚ÜíKEN,Zambia,Kenya,2020,12,0.369461,0.255339,0.5338980145683747,0.5937453526500992,0.0,5,0,1,0,0,0,0,0.461531,0.8667,1.0,0.11331,0.11331,0
ZAM‚ÜíKEN,Zambia,Kenya,2021,1,-0.217451,0.076005,0.4801725521664738,0.578781756533147,0.0,5,0,1,0,0,0,0,0.461531,0.8667,0.882497,0.0,0.0,0
ZAM‚ÜíKEN,Zambia,Kenya,2021,2,-0.087026,0.021661,0.4732796062662833,0.5908388248147805,0.0,5,0,1,0,0,0,0,0.461531,0.8667,0.874436,0.0,0.0,0
ZAM‚ÜíKEN,Zambia,Kenya,2021,3,-0.119632,-0.14137,0.46210595440194147,0.5884083753970071,0.0,5,0,1,0,0,0,0,0.461531,0.8667,0.878144,0.0,0.0,0
ZAM‚ÜíKEN,Zambia,Kenya,2021,4,-0.119632,-0.108763,0.4472180531419516,0.5988076958737616,0.0,5,0,1,0,0,0,0,0.461531,0.8667,0.827159,0.0,0.0,0
ZAM‚ÜíKEN,Zambia,Kenya,2021,5,-0.364179,-0.201148,0.4687321979708641,0.5701120796728575,0.0,5,0,1,0,0,0,0,0.461531,0.8667,0.910969,0.0,0.0,0
ZAM‚ÜíKEN,Zambia,Kenya,2021,6,0.043399,-0.146804,0.5032193039985162,0.5544811944827447,0.0,5,0,1,0,0,0,0,0.461531,0.8667,1.0,0.01331,0.01331,0
ZAM‚ÜíKEN,Zambia,Kenya,2021,7,0.076005,-0.081592,0.5081942011711179,0.5574276846136036,0.0,5,0,1,0,0,0,0,0.461531,0.8667,1.0,0.02331,0.02331,0
ZAM‚ÜíKEN,Zambia,Kenya,2021,8,-0.05442,0.021661,0.516071172553113,0.5804760981415277,0.0,5,0,1,0,0,0,0,0.461531,0.8667,1.0,0.0,0.0,0
ZAM‚ÜíKEN,Zambia,Kenya,2021,9,-0.119632,-0.032682,0.5119254503386325,0.5810627527879104,0.0,5,0,1,0,0,0,0,0.461531,0.8667,1.0,0.0,0.0,0
ZAM‚ÜíKEN,Zambia,Kenya,2021,10,-0.119632,-0.097895,0.5069504768779676,0.5809275011220472,0.0,5,0,1,0,0,0,0,0.461531,0.8667,1.0,0.0,0.0,0
ZAM‚ÜíKEN,Zambia,Kenya,2021,11,-0.038117,-0.09246,0.5073651025010597,0.588308703549431,0.0,5,0,1,0,0,0,0,0.461531,0.8667,1.0,0.0,0.0,0
ZAM‚ÜíKEN,Zambia,Kenya,2021,12,-0.152238,-0.103329,0.4672361454313092,0.6041442769952332,0.0,5,0,1,0,0,0,0,0.461531,0.8667,0.884682,0.0,0.0,0
ZAM‚ÜíKEN,Zambia,Kenya,2022,1,-0.217451,-0.135935,0.30346650513447865,0.829137738202179,0.0,5,0,1,0,0,0,0,0.461531,0.8667,0.411429,0.0,0.0,0
ZAM‚ÜíKEN,Zambia,Kenya,2022,2,-0.331573,-0.233754,0.29748858551452556,0.8288713996682189,0.0,5,0,1,0,0,0,0,0.461531,0.8667,0.415785,0.0,0.0,0
ZAM‚ÜíKEN,Zambia,Kenya,2023,11,-0.427761,-0.325595,0.3926668270810964,0.6143336996263901,0.0,1,0,1,0,1,1,0,0.461531,0.8667,0.715627,0.0,0.0,0
ZAM‚ÜíKEN,Zambia,Kenya,2023,12,-0.452216,-0.40385,0.3820321046044993,0.6155964920097738,0.0,1,0,1,0,1,1,0,0.461531,0.8667,0.701939,0.0,0.0,0
ZAM‚ÜíTAN,Zambia,Tanzania,2016,1,-0.043399,,0.6401860047336059,0.529334527199966,0.5958454137201499,1,1,1,1,1,1,0,0.634276,0.4266,0.776766,0.0,0.0,0
ZAM‚ÜíTAN,Zambia,Tanzania,2016,2,0.208338,0.082469,0.6477376679673064,0.5325271168076067,0.6016534475034265,1,1,1,1,1,1,1,0.634276,0.4266,0.770749,0.04138,0.031894,0
ZAM‚ÜíTAN,Zambia,Tanzania,2016,3,-0.093747,0.02373,0.6425470485207472,0.5992960394662736,0.6252466448989578,1,1,1,1,1,1,0,0.634276,0.4266,0.768667,0.0,0.0,0
ZAM‚ÜíTAN,Zambia,Tanzania,2016,4,-0.244789,-0.043399,0.6378116869170316,0.5942513751096854,0.6203875621940931,1,1,1,1,1,1,0,0.634276,0.4266,0.769799,0.0,0.0,0
ZAM‚ÜíTAN,Zambia,Tanzania,2016,5,0.258685,-0.026617,0.6409319046624475,0.5869153467688656,0.6193252815050148,1,1,1,1,1,1,1,0.634276,0.4266,0.775198,0.05138,0.03983,0
ZAM‚ÜíTAN,Zambia,Tanzania,2016,6,0.208338,0.074078,0.6570661253926405,0.5825450087729103,0.6272576787447484,2,1,1,1,0,1,1,0.634276,0.4266,0.8,0.04138,0.033104,0
ZAM‚ÜíTAN,Zambia,Tanzania,2016,7,-0.018226,0.149599,0.6628274762080127,0.6057366929685832,0.639991162912241,2,1,1,1,0,1,0,0.634276,0.4266,0.8,0.0,0.0,0
ZAM‚ÜíTAN,Zambia,Tanzania,2016,8,-0.144094,0.015339,0.6525850408526561,0.5975884694814717,0.6305864123041824,2,1,1,1,0,1,0,0.634276,0.4266,0.8,0.0,0.0,0
ZAM‚ÜíTAN,Zambia,Tanzania,2016,9,-0.219615,-0.127312,0.6136904977290407,0.6166567768766902,0.6148770093881005,3,1,1,1,0,1,0,0.634276,0.4266,0.717804,0.0,0.0,0
ZAM‚ÜíTAN,Zambia,Tanzania,2016,10,-0.194442,-0.18605,0.6110736373824823,0.6195964615179049,0.6144827670366514,3,1,1,1,0,1,0,0.634276,0.4266,0.723274,0.0,0.0,0
ZAM‚ÜíTAN,Zambia,Tanzania,2016,11,-0.395831,-0.269963,0.630819903866555,0.5926050612142341,0.6155339668056266,3,1,1,1,0,1,0,0.634276,0.4266,0.8,0.0,0.0,0
ZAM‚ÜíTAN,Zambia,Tanzania,2016,12,-0.194442,-0.261572,0.6314600370042489,0.6022955481072225,0.6197942414454384,3,1,1,1,0,1,0,0.634276,0.4266,0.8,0.0,0.0,0
ZAM‚ÜíTAN,Zambia,Tanzania,2017,1,-0.043399,-0.211224,0.4849869385947649,0.9637960362471676,0.676510577655726,2,1,1,1,0,1,0,0.634276,0.4266,0.358931,0.0,0.0,0
ZAM‚ÜíTAN,Zambia,Tanzania,2017,2,0.35938,0.040513,0.5108734316379038,0.9743685949376251,0.6962714969577923,2,1,1,1,0,1,1,0.634276,0.4266,0.378538,0.07138,0.02702,0
ZAM‚ÜíTAN,Zambia,Tanzania,2017,3,0.661464,0.325815,0.5393334837247089,0.979393573283106,0.7153575195480677,2,1,1,1,0,1,1,0.634276,0.4266,0.398183,0.13138,0.052313,0
ZAM‚ÜíTAN,Zambia,Tanzania,2017,4,0.862854,0.627899,0.5702059226246744,0.9841354034524962,0.7357777149558031,1,1,1,1,1,1,1,0.634276,0.4266,0.42115,0.17138,0.072177,0
ZAM‚ÜíTAN,Zambia,Tanzania,2017,5,1.31598,0.946766,0.6058753662883538,0.9678269228503238,0.7506559889131419,1,1,1,1,1,1,1,0.634276,0.4266,0.454436,0.26138,0.118781,0
ZAM‚ÜíTAN,Zambia,Tanzania,2017,6,0.988722,1.055852,0.7319637622805439,0.9718110620246111,0.8279026821781708,1,1,1,1,1,1,1,0.634276,0.4266,0.8,0.19638,0.157104,0
ZAM‚ÜíTAN,Zambia,Tanzania,2017,7,1.03907,1.114591,0.7364448468205282,0.9525964807523846,0.8229055003932708,1,1,1,1,1,1,1,0.634276,0.4266,0.8,0.20638,0.165104,0
ZAM‚ÜíTAN,Zambia,Tanzania,2017,8,0.510422,0.846071,0.7159599761098151,0.9955391527801314,0.8277916467779416,1,1,1,1,1,1,1,0.634276,0.4266,0.8,0.10138,0.081104,0
ZAM‚ÜíTAN,Zambia,Tanzania,2017,9,0.661464,0.736985,0.7076380164556035,0.9856694531325227,0.8188505911263713,1,1,1,1,1,1,1,0.634276,0.4266,0.8,0.13138,0.105104,0
ZAM‚ÜíTAN,Zambia,Tanzania,2017,10,0.560769,0.577552,0.6954751816871647,0.9908344702454673,0.8136188971104859,1,1,1,1,1,1,1,0.634276,0.4266,0.8,0.11138,0.089104,0
ZAM‚ÜíTAN,Zambia,Tanzania,2017,11,0.63629,0.619508,0.6986759236636979,0.9892055761797142,0.8148877846701044,1,1,1,1,1,1,1,0.634276,0.4266,0.8,0.12638,0.101104,0
ZAM‚ÜíTAN,Zambia,Tanzania,2017,12,0.309032,0.502031,0.6897138308717924,0.9999999998998054,0.8138282984829976,2,1,1,1,0,1,1,0.634276,0.4266,0.8,0.06138,0.049104,0
ZAM‚ÜíTAN,Zambia,Tanzania,2018,1,0.258685,0.401336,0.5407687845381299,0.75960597294867,0.6283036599023459,2,1,1,1,0,1,1,0.634276,0.4266,0.385489,0.05138,0.019806,0
ZAM‚ÜíTAN,Zambia,Tanzania,2018,2,0.460075,0.342597,0.5744291203674846,0.7394050716013083,0.6404195008610141,2,1,1,1,0,1,1,0.634276,0.4266,0.497408,0.09138,0.045453,0
ZAM‚ÜíTAN,Zambia,Tanzania,2018,3,0.35938,0.35938,0.5722657308315409,0.748051148348795,0.6425798978384425,2,1,1,1,0,1,1,0.634276,0.4266,0.487303,0.07138,0.034784,0
ZAM‚ÜíTAN,Zambia,Tanzania,2018,4,0.35938,0.392945,0.573932434742452,0.7423437899313126,0.6412969768179962,2,1,1,1,0,1,1,0.634276,0.4266,0.48468,0.07138,0.034596,0
ZAM‚ÜíTAN,Zambia,Tanzania,2018,5,0.15799,0.29225,0.5693163988212988,0.7301513630939405,0.6336503845303554,2,1,1,1,0,1,1,0.634276,0.4266,0.493676,0.03138,0.015492,0
ZAM‚ÜíTAN,Zambia,Tanzania,2018,6,-0.118921,0.132816,0.5933881608707898,0.6812806899326587,0.6285451724955373,2,1,1,1,0,1,0,0.634276,0.4266,0.6,0.0,0.0,0
ZAM‚ÜíTAN,Zambia,Tanzania,2018,7,-0.144094,-0.035008,0.5805851929646569,0.6715423133963342,0.6169680411373278,2,1,1,1,0,1,0,0.634276,0.4266,0.6,0.0,0.0,0
ZAM‚ÜíTAN,Zambia,Tanzania,2018,8,-0.295136,-0.18605,0.5423315645966305,0.6680290925956209,0.5926105757962267,3,1,1,1,0,1,0,0.634276,0.4266,0.521563,0.0,0.0,0
ZAM‚ÜíTAN,Zambia,Tanzania,2018,9,-0.295136,-0.244789,0.564581406793928,0.6441437981674552,0.5964063633433389,3,1,1,1,0,1,0,0.634276,0.4266,0.6,0.0,0.0,0
ZAM‚ÜíTAN,Zambia,Tanzania,2018,10,-0.597221,-0.395831,0.5530587051631833,0.6187375281849146,0.5793302343718758,3,1,1,1,0,1,0,0.634276,0.4266,0.6,0.0,0.0,0
ZAM‚ÜíTAN,Zambia,Tanzania,2018,11,-0.546873,-0.479744,0.5466571449220539,0.6093478992645477,0.5717334466590513,3,1,1,1,0,1,0,0.634276,0.4266,0.6,0.0,0.0,0
ZAM‚ÜíTAN,Zambia,Tanzania,2018,12,-0.647568,-0.597221,0.5376950521301482,0.5971702069837354,0.5614851140715831,3,1,1,1,0,1,0,0.634276,0.4266,0.6,0.0,0.0,0
ZAM‚ÜíTAN,Zambia,Tanzania,2019,1,-0.496526,-0.563656,0.5132718644427149,0.5817124131380653,0.5406480839208551,3,1,1,1,0,1,0,0.634276,0.4266,0.520821,0.0,0.0,0
ZAM‚ÜíTAN,Zambia,Tanzania,2019,2,-0.647568,-0.597221,0.4739643678174882,0.6006642326561861,0.5246443137529674,3,1,1,1,0,1,0,0.634276,0.4266,0.412994,0.0,0.0,0
ZAM‚ÜíTAN,Zambia,Tanzania,2019,3,-0.79861,-0.647568,0.46121307019254576,0.5976455483511054,0.5157860614559696,3,1,1,1,0,1,0,0.634276,0.4266,0.386848,0.0,0.0,0
ZAM‚ÜíTAN,Zambia,Tanzania,2019,4,-0.672742,-0.706307,0.49179500601657306,0.5810158795702316,0.5274833554380365,3,1,1,1,0,1,0,0.634276,0.4266,0.489734,0.0,0.0,0
ZAM‚ÜíTAN,Zambia,Tanzania,2019,5,-0.546873,-0.672742,0.4975376164993558,0.5812393696359128,0.5310183177539786,3,1,1,1,0,1,0,0.634276,0.4266,0.499071,0.0,0.0,0
ZAM‚ÜíTAN,Zambia,Tanzania,2019,6,-0.295136,-0.504917,0.5447367455089718,0.5724614181589035,0.5558266145689446,3,1,1,1,0,1,0,0.634276,0.4266,0.6,0.0,0.0,0
ZAM‚ÜíTAN,Zambia,Tanzania,2019,7,-0.395831,-0.412614,0.5517783625997321,0.5732605218997374,0.5603712263197342,3,1,1,1,0,1,0,0.634276,0.4266,0.6,0.0,0.0,0
ZAM‚ÜíTAN,Zambia,Tanzania,2019,8,-0.345484,-0.345484,0.5568995802774104,0.5763168674629591,0.5646664951516298,3,1,1,1,0,1,0,0.634276,0.4266,0.6,0.0,0.0,0
ZAM‚ÜíTAN,Zambia,Tanzania,2019,9,-0.395831,-0.379049,0.5543389714385712,0.5767538275250538,0.5633049138731643,3,1,1,1,0,1,0,0.634276,0.4266,0.6,0.0,0.0,0
ZAM‚ÜíTAN,Zambia,Tanzania,2019,10,-0.295136,-0.345484,0.5568995802774104,0.5827416292074661,0.5672363998494326,3,1,1,1,0,1,0,0.634276,0.4266,0.6,0.0,0.0,0
ZAM‚ÜíTAN,Zambia,Tanzania,2019,11,-0.194442,-0.295136,0.5607405316797007,0.5889265801841993,0.5720149510815001,3,1,1,1,0,1,0,0.634276,0.4266,0.6,0.0,0.0,0
ZAM‚ÜíTAN,Zambia,Tanzania,2019,12,-0.345484,-0.278354,0.5620207979550887,0.5833092786376666,0.5705361902281199,3,1,1,1,0,1,0,0.634276,0.4266,0.6,0.0,0.0,0
ZAM‚ÜíTAN,Zambia,Tanzania,2020,1,-0.144094,-0.228007,0.6989069655391272,0.474327548271708,0.6090751986321595,3,1,1,1,0,1,0,0.634276,0.4266,0.990397,0.0,0.0,0
ZAM‚ÜíTAN,Zambia,Tanzania,2020,2,-0.345484,-0.278354,0.6942604513667142,0.4842671674546635,0.6102631378018939,3,1,1,1,0,1,0,0.634276,0.4266,0.988033,0.0,0.0,0
ZAM‚ÜíTAN,Zambia,Tanzania,2020,3,-0.244789,-0.244789,0.6966114713642739,0.5089031187361603,0.6215281303130284,3,1,1,1,0,1,0,0.634276,0.4266,0.987418,0.0,0.0,0
ZAM‚ÜíTAN,Zambia,Tanzania,2020,4,-0.043399,-0.211224,0.6775943126023924,0.545748391431215,0.6248559441339214,3,1,1,1,0,1,0,0.634276,0.4266,0.924102,0.0,0.0,0
ZAM‚ÜíTAN,Zambia,Tanzania,2020,5,0.183164,-0.035008,0.7137139801761161,0.5324270191742134,0.641199195775355,2,1,1,1,0,1,1,0.634276,0.4266,0.990642,0.03638,0.03604,0
ZAM‚ÜíTAN,Zambia,Tanzania,2020,6,0.35938,0.166381,0.7322667152571727,0.5357275719130844,0.6536510579195374,2,1,1,1,0,1,1,0.634276,0.4266,1.0,0.07138,0.07138,0
ZAM‚ÜíTAN,Zambia,Tanzania,2020,7,0.35938,0.300641,0.7425091506125295,0.5549710433057644,0.6674939076898234,2,1,1,1,0,1,1,0.634276,0.4266,1.0,0.07138,0.07138,0
ZAM‚ÜíTAN,Zambia,Tanzania,2020,8,0.208338,0.309032,0.7431492837502236,0.5780023084746135,0.6770904936399795,2,1,1,1,0,1,1,0.634276,0.4266,1.0,0.04138,0.04138,0
ZAM‚ÜíTAN,Zambia,Tanzania,2020,9,0.258685,0.275467,0.7405886749113842,0.5879554866366117,0.6795353996014752,2,1,1,1,0,1,1,0.634276,0.4266,1.0,0.05138,0.05138,0
ZAM‚ÜíTAN,Zambia,Tanzania,2020,10,-0.018226,0.149599,0.7309864489817848,0.6209212158470613,0.6869603557278954,2,1,1,1,0,1,0,0.634276,0.4266,1.0,0.0,0.0,0
ZAM‚ÜíTAN,Zambia,Tanzania,2020,11,0.15799,0.132816,0.7297061064183337,0.6188925287809466,0.6853806753633789,2,1,1,1,0,1,1,0.634276,0.4266,1.0,0.03138,0.03138,0
ZAM‚ÜíTAN,Zambia,Tanzania,2020,12,0.057295,0.065687,0.7245849650287185,0.6297216233336689,0.6866396283506986,2,1,1,1,0,1,1,0.634276,0.4266,1.0,0.01138,0.01138,0
ZAM‚ÜíTAN,Zambia,Tanzania,2021,1,-0.244789,-0.009835,0.6787791190361003,0.6635062497358564,0.6726699713160027,2,1,1,1,0,1,0,0.634276,0.4266,0.882497,0.0,0.0,0
ZAM‚ÜíTAN,Zambia,Tanzania,2021,2,-0.169268,-0.118921,0.6677100119842418,0.6663864961112825,0.6671806056350581,3,1,1,1,0,1,0,0.634276,0.4266,0.874436,0.0,0.0,0
ZAM‚ÜíTAN,Zambia,Tanzania,2021,3,-0.345484,-0.25318,0.6587313202721741,0.6603962093558264,0.659397275905635,3,1,1,1,0,1,0,0.634276,0.4266,0.878144,0.0,0.0,0
ZAM‚ÜíTAN,Zambia,Tanzania,2021,4,-0.295136,-0.269963,0.640075551574369,0.6715670219665313,0.652672139731234,3,1,1,1,0,1,0,0.634276,0.4266,0.827159,0.0,0.0,0
ZAM‚ÜíTAN,Zambia,Tanzania,2021,5,-0.748263,-0.462961,0.6539141255079405,0.6334123366635988,0.6457134099702038,3,1,1,1,0,1,0,0.634276,0.4266,0.910969,0.0,0.0,0
ZAM‚ÜíTAN,Zambia,Tanzania,2021,6,-0.471352,-0.504917,0.6810546910565158,0.6035617174029965,0.6500575015951081,3,1,1,1,0,1,0,0.634276,0.4266,1.0,0.0,0.0,0
ZAM‚ÜíTAN,Zambia,Tanzania,2021,7,-0.144094,-0.45457,0.6848955661707431,0.615277702989176,0.6570484208981162,3,1,1,1,0,1,0,0.634276,0.4266,1.0,0.0,0.0,0
ZAM‚ÜíTAN,Zambia,Tanzania,2021,8,-0.748263,-0.45457,0.6848955661707431,0.6022574870043994,0.6518403345042056,3,1,1,1,0,1,0,0.634276,0.4266,1.0,0.0,0.0,0
ZAM‚ÜíTAN,Zambia,Tanzania,2021,9,-0.723089,-0.538482,0.6784940822176765,0.6031306913947535,0.6483487258885073,3,1,1,1,0,1,0,0.634276,0.4266,1.0,0.0,0.0,0
ZAM‚ÜíTAN,Zambia,Tanzania,2021,10,-0.823784,-0.765045,0.6612100297715596,0.5954896298131243,0.6349218697881855,3,1,1,1,0,1,0,0.634276,0.4266,1.0,0.0,0.0,0
ZAM‚ÜíTAN,Zambia,Tanzania,2021,11,-0.748263,-0.765045,0.6612100297715596,0.6004944290429493,0.6369237894801154,3,1,1,1,0,1,0,0.634276,0.4266,1.0,0.0,0.0,0
ZAM‚ÜíTAN,Zambia,Tanzania,2021,12,-0.748263,-0.773437,0.6212700382341733,0.6236495838567625,0.6222218564832089,3,1,1,1,0,1,0,0.634276,0.4266,0.884682,0.0,0.0,0
ZAM‚ÜíTAN,Zambia,Tanzania,2022,1,-0.421005,-0.639177,0.4702302818790003,0.8900138414025255,0.6381437056884103,3,1,1,1,0,1,0,0.634276,0.4266,0.411429,0.0,0.0,0
ZAM‚ÜíTAN,Zambia,Tanzania,2022,2,-0.471352,-0.546873,0.4787564776848364,0.9073548943105284,0.6501958443351132,3,1,1,1,0,1,0,0.634276,0.4266,0.415785,0.0,0.0,0
ZAM‚ÜíTAN,Zambia,Tanzania,2022,3,-0.395831,-0.429396,0.4918994418666852,0.9191677480505204,0.6628067643402193,2,1,1,1,0,1,0,0.634276,0.4266,0.428053,0.0,0.0,0
ZAM‚ÜíTAN,Zambia,Tanzania,2022,4,-0.496526,-0.45457,0.49618211427768105,0.9130839057875255,0.6629428308816189,2,1,1,1,0,1,0,0.634276,0.4266,0.446255,0.0,0.0,0
ZAM‚ÜíTAN,Zambia,Tanzania,2022,5,-0.5217,-0.471352,0.504829202386793,0.9006282722847637,0.6631488303459813,2,1,1,1,0,1,0,0.634276,0.4266,0.475385,0.0,0.0,0
ZAM‚ÜíTAN,Zambia,Tanzania,2022,6,-0.194442,-0.404222,0.5524185720254893,0.8731454478324937,0.6807093223482911,2,1,1,1,0,1,0,0.634276,0.4266,0.6,0.0,0.0,0
ZAM‚ÜíTAN,Zambia,Tanzania,2022,7,0.057295,-0.219615,0.5665018824950732,0.8713046336006368,0.6884229829372986,1,1,1,1,1,1,1,0.634276,0.4266,0.6,0.01138,0.006828,1
ZAM‚ÜíTAN,Zambia,Tanzania,2022,8,0.057295,-0.026617,0.581225326102351,0.8760927188029547,0.6991722831825925,1,1,1,1,1,1,1,0.634276,0.4266,0.6,0.01138,0.006828,1
